ItemName,ItemType,Thick
تريبلكس ابيض جامبو,sheet,10.2
تريبلكس ابيض,box,10.2
تريبلكس ابيض,sheet,10.2
تريبلكس ابيض,sqm,10.2
تريبلكسSilence,box,10.2
تريبلكسSilence,sheet,10.2
تريبلكسSilence,sqm,10.2
LOW-E N70,box,10
LOW-E N70,sheet,10
ابيض جامبو,box,10
ابيض جامبو,sheet,10
ابيض جامبو,sqm,10
ابيض,box,10
ابيض,sheet,10
ابيض,sqm,10
اخضر فاتح,box,10
اخضر فاتح,sheet,10
اخضر فاتح,sqm,10
ازرق فاتح,box,10
ازرق فاتح,sheet,10
ازرق فاتح,sqm,10
اسود,box,10
اسود,sheet,10
اسود,sqm,10
برش ابيض,box,10
برش ابيض,sheet,10
برش ابيض,sqm,10
برونز,box,10
برونز,sheet,10
برونز,sqm,10
تريبلكس ابيض,box,10
تريبلكس ابيض,sheet,10
تريبلكس ابيض,sqm,10
تريبلكس برونز,box,10
تريبلكس برونز,sheet,10
تريبلكس برونز,sqm,10
تريبلكس مغشى,box,10
تريبلكس مغشى,sheet,10
تريبلكس مغشى,sqm,10
عاكس LOW-E,sqm,10
عاكس اسود,box,10
عاكس اسود,sheet,10
عاكس اسود,sqm,10
عاكس برونز,box,10
عاكس برونز,sheet,10
عاكس برونز,sqm,10
كريستال,box,10
كريستال,sheet,10
كريستال,sqm,10
مغشى اسيد,box,10
مغشى اسيد,sheet,10
مغشى اسيد,sqm,10
تريبلكس ابيض,box,12.2
تريبلكس ابيض,sheet,12.2
تريبلكس ابيض,sqm,12.2
تريبلكسSilence,box,12.2
تريبلكسSilence,sheet,12.2
تريبلكسSilence,sqm,12.2
ابيض جامبو,box,12
ابيض جامبو,sheet,12
ابيض جامبو,sqm,12
ابيض,box,12
ابيض,sheet,12
ابيض,sqm,12
اخضر فاتح,box,12
اخضر فاتح,sheet,12
اخضر فاتح,sqm,12
اسود,box,12
اسود,sheet,12
اسود,sqm,12
برونز,box,12
برونز,sheet,12
برونز,sqm,12
تريبلكس ابيض,box,12
تريبلكس ابيض,sheet,12
تريبلكس ابيض,sqm,12
تريبلكس برونز,box,12
تريبلكس برونز,sheet,12
تريبلكس برونز,sqm,12
تريبلكس مغشى,box,12
تريبلكس مغشى,sheet,12
تريبلكس مغشى,sqm,12
كريستال,box,12
كريستال,sheet,12
كريستال,sqm,12
مغشى اسيد,box,12
مغشى اسيد,sheet,12
مغشى اسيد,sqm,12
ابيض,box,15
ابيض,sheet,15
ابيض,sqm,15
كريستال جامبو,box,15
كريستال جامبو,sheet,15
كريستال,box,15
كريستال,sheet,15
كريستال,sqm,15
تريبلكس ابيض,box,16.2
تريبلكس ابيض,sheet,16.2
تريبلكس ابيض,sqm,16.2
تريبلكس مغشى,box,16.2
تريبلكس مغشى,sheet,16.2
تريبلكس مغشى,sqm,16.2
ابيض,box,19
ابيض,sheet,19
ابيض,sqm,19
كريستال,box,19
كريستال,sheet,19
كريستال,sqm,19
ابيض,box,2.7
ابيض,sheet,2.7
ابيض,sqm,2.7
ابيض,box,2
ابيض,sheet,2
ابيض,sqm,2
مات,box,2
مات,sheet,2
مات,sqm,2
ابيض,box,3.2
ابيض,sheet,3.2
ابيض,sqm,3.2
محجر بازل ابيض,sqm,3.5
محجر دلتا ابيض,sqm,3.5
محجر دلتا برونز,sqm,3.5
برونز,box,3.7
برونز,sheet,3.7
برونز,sqm,3.7
ابيض,box,3
ابيض,sheet,3
ابيض,sqm,3
برونز,box,3
برونز,sheet,3
برونز,sqm,3
سادة اخضر,box,3
سادة اخضر,sheet,3
سادة اخضر,sqm,3
سادة ازرق,box,3
سادة ازرق,sheet,3
سادة ازرق,sqm,3
سادة عسلي,box,3
سادة عسلي,sheet,3
سادة عسلي,sqm,3
محجر بازل برونز,sheet,3
مرايا ابيض,box,3
مرايا ابيض,sheet,3
مرايا ابيض,sqm,3
مغشى ابيض,sqm,3
ابيض,box,4.7
ابيض,sheet,4.7
ابيض,sqm,4.7
ابيض,box,4
ابيض,sheet,4
ابيض,sqm,4
اسود,box,4
اسود,sheet,4
اسود,sqm,4
برش ابيض,box,4
برش ابيض,sheet,4
برش ابيض,sqm,4
برونز,box,4
برونز,sheet,4
برونز,sqm,4
جنزير اسيد ابيض,box,4
جنزير اسيد ابيض,sheet,4
جنزير اسيد ابيض,sqm,4
دلتا اسيد ابيض,box,4
دلتا اسيد ابيض,sheet,4
دلتا اسيد ابيض,sqm,4
دلتا اسيد برونز,box,4
دلتا اسيد برونز,sheet,4
دلتا اسيد برونز,sqm,4
زجاج ناري,box,4
زجاج ناري,sheet,4
زجاج ناري,sqm,4
زيتوني اسيد ابيض,box,4
زيتوني اسيد ابيض,sheet,4
زيتوني اسيد ابيض,sqm,4
زيتوني اسيد برونز,box,4
زيتوني اسيد برونز,sheet,4
زيتوني اسيد برونز,sqm,4
سجادة اسيد ابيض,box,4
سجادة اسيد ابيض,sheet,4
سجادة اسيد ابيض,sqm,4
سجادة اسيد برونز,box,4
سجادة اسيد برونز,sheet,4
سجادة اسيد برونز,sqm,4
عاكس اخضر غامق,box,4
عاكس اخضر غامق,sheet,4
عاكس اخضر غامق,sqm,4
عاكس اسود,box,4
عاكس اسود,sheet,4
عاكس اسود,sqm,4
عاكس برونز,box,4
عاكس برونز,sheet,4
عاكس برونز,sqm,4
عاكس برونز,box,4
عاكس برونز,sheet,4
عاكس برونز,sqm,4
عريشة اسيد ابيض,box,4
عريشة اسيد ابيض,sheet,4
عريشة اسيد ابيض,sqm,4
عريشة اسيد برونز,box,4
عريشة اسيد برونز,sheet,4
عريشة اسيد برونز,sqm,4
كريستال مدهون ابيض,box,4
كريستال مدهون ابيض,sheet,4
كريستال مدهون ابيض,sqm,4
كريستال,box,4
كريستال,sheet,4
كريستال,sqm,4
محجر بازل ابيض,box,4
محجر بازل ابيض,sheet,4
محجر بازل ابيض,sqm,4
محجر بازل برونز,box,4
محجر بازل برونز,sheet,4
محجر بازل برونز,sqm,4
محجر بامبو ابيض,box,5
محجر بامبو ابيض,sheet,5
محجر بامبو ابيض,sqm,5
محجر برش خشن ابيض,box,4
محجر برش خشن ابيض,sheet,4
محجر برش خشن ابيض,sqm,4
محجر دلتا ابيض,box,4
محجر دلتا ابيض,sheet,4
محجر دلتا ابيض,sqm,4
محجر دلتا برونز,box,4
محجر دلتا برونز,sheet,4
محجر دلتا برونز,sqm,4
محجر زلحفة ابيض,box,4
محجر زلحفة ابيض,sheet,4
محجر زلحفة ابيض,sqm,4
محجر زلحفة اخضر,box,4
محجر زلحفة اخضر,sheet,4
محجر زلحفة اخضر,sqm,4
محجر زلحفة ازرق,box,4
محجر زلحفة ازرق,sheet,4
محجر زلحفة ازرق,sqm,4
محجر زلحفة برونز,box,4
محجر زلحفة برونز,sheet,4
محجر زلحفة برونز,sqm,4
محجر زلحفة خمري,box,4
محجر زلحفة خمري,sheet,4
محجر زلحفة خمري,sqm,4
محجر زلحفة عسلي,box,4
محجر زلحفة عسلي,sheet,4
محجر زلحفة عسلي,sqm,4
محجر شانشيلا,box,4
محجر شانشيلا,sheet,4
محجر شانشيلا,sqm,4
محجر شلال ابيض,box,4
محجر شلال ابيض,sheet,4
محجر شلال ابيض,sqm,4
محجر شلال برونز,box,4
محجر شلال برونز,sheet,4
محجر شلال برونز,sqm,4
محجر صليب ابيض,box,4
محجر صليب ابيض,sheet,4
محجر صليب ابيض,sqm,4
محجر طاووس ابيض,box,4
محجر طاووس ابيض,sheet,4
محجر طاووس ابيض,sqm,4
محجر طاووس برونز,box,4
محجر طاووس برونز,sheet,4
محجر طاووس برونز,sqm,4
محجر فرزتشي,box,4
محجر فرزتشي,sheet,4
محجر فرزتشي,sqm,4
محجر مسدس عسلي,sqm,4
محجر مطبع ابيض,sqm,4
محجر منقط ابيض,box,4
محجر منقط ابيض,sheet,4
محجر منقط ابيض,sqm,4
مدهون اسود,box,4
مدهون اسود,sheet,4
مدهون اسود,sqm,4
مرايا ابيض صغير,box,4
مرايا ابيض صغير,sheet,4
مرايا ابيض صغير,sqm,4
مرايا ابيض,box,4
مرايا ابيض,sheet,4
مرايا ابيض,sqm,4
مرايا ازرق,sqm,4
مرايا اسود,box,4
مرايا اسود,sheet,4
مرايا اسود,sqm,4
مرايا برونز,box,4
مرايا برونز,sheet,4
مرايا برونز,sqm,4
مرايا ذهبي,box,4
مرايا ذهبي,sheet,4
مرايا ذهبي,sqm,4
مرايا زهر,sqm,4
مرايا معتق - رقم 1,box,4
مرايا معتق - رقم 1,sheet,4
مرايا معتق - رقم 1,sqm,4
مغشى ابيض,box,4
مغشى ابيض,sheet,4
مغشى ابيض,sqm,4
مغشى اسيد,box,4
مغشى اسيد,sheet,4
مغشى اسيد,sqm,4
مقلم اسيد ابيض,box,4
مقلم اسيد ابيض,sheet,4
مقلم اسيد ابيض,sqm,4
منقط اسيد ابيض,box,4
منقط اسيد ابيض,sheet,4
منقط اسيد ابيض,sqm,4
منقط اسيد برونز,box,4
منقط اسيد برونز,sheet,4
منقط اسيد برونز,sqm,4
نانسي اسيد ابيض,box,4
نانسي اسيد ابيض,sheet,4
نانسي اسيد ابيض,sqm,4
نانسي اسيد برونز,box,4
نانسي اسيد برونز,sheet,4
نانسي اسيد برونز,sqm,4
وردة كارى اسيد ابيض,box,4
وردة كارى اسيد ابيض,sheet,4
وردة كارى اسيد ابيض,sqm,4
وردة كارى اسيد برونز,box,4
وردة كارى اسيد برونز,sheet,4
وردة كارى اسيد برونز,sqm,4
ياسمين اسيد ابيض,box,4
ياسمين اسيد ابيض,sheet,4
ياسمين اسيد ابيض,sqm,4
ياسمين اسيد برونز,box,4
ياسمين اسيد برونز,sheet,4
ياسمين اسيد برونز,sqm,4
اخضر غامق,box,5.3
اخضر غامق,sheet,5.3
اخضر غامق,sqm,5.3
ازرق غامق,box,5.3
ازرق غامق,sheet,5.3
ازرق غامق,sqm,5.3
برش اسود,box,5.3
برش اسود,sheet,5.3
برش اسود,sqm,5.3
عاكس اخضر غامق,box,5.3
عاكس اخضر غامق,sheet,5.3
عاكس اخضر غامق,sqm,5.3
عاكس ازرق غامق,box,5.3
عاكس ازرق غامق,sheet,5.3
عاكس ازرق غامق,sqm,5.3
عاكس اسود,box,5.3
عاكس اسود,sheet,5.3
عاكس اسود,sqm,5.3
ابيض,box,5.5
ابيض,sheet,5.5
ابيض,sqm,5.5
اخضر,box,5.5
اخضر,sheet,5.5
اخضر غامق,box,5.5
اخضر غامق,sheet,5.5
اخضر غامق,sqm,5.5
اخضر فاتح,box,5.5
اخضر فاتح,sheet,5.5
اخضر فاتح,sqm,5.5
اخضر,box,5.5
ازرق غامق,box,5.5
ازرق غامق,sheet,5.5
ازرق غامق,sqm,5.5
ازرق فاتح,box,5.5
ازرق فاتح,sheet,5.5
ازرق فاتح,sqm,5.5
اسود,box,5.5
اسود,sheet,5.5
اسود,sqm,5.5
برش ابيض,box,5.5
برش ابيض,sheet,5.5
برش ابيض,sqm,5.5
برش اخضر,box,5.5
برش اخضر,sheet,5.5
برش اسود,box,5.5
برش اسود,sheet,5.5
برش اسود,sqm,5.5
برش برونز,box,5.5
برش برونز,sheet,5.5
برش برونز,sqm,5.5
برونز,box,5.5
برونز,sheet,5.5
برونز,sqm,5.5
عاكس ابيض,box,5.5
عاكس ابيض,sheet,5.5
عاكس ابيض,sqm,5.5
عاكس اخضر غامق,box,5.5
عاكس اخضر غامق,sheet,5.5
عاكس اخضر غامق,sqm,5.5
عاكس اخضر فاتح,box,5.5
عاكس اخضر فاتح,sheet,5.5
عاكس اخضر فاتح,sqm,5.5
عاكس ازرق غامق,box,5.5
عاكس ازرق غامق,sheet,5.5
عاكس ازرق غامق,sqm,5.5
عاكس ازرق فاتح,box,5.5
عاكس ازرق فاتح,sheet,5.5
عاكس ازرق فاتح,sqm,5.5
عاكس اسود,box,5.5
عاكس اسود,sheet,5.5
عاكس اسود,sqm,5.5
عاكس برونز,box,5.3
عاكس برونز,sheet,5.3
عاكس برونز,sqm,5.3
عاكس برونز,box,5.5
عاكس برونز,sheet,5.5
عاكس برونز,sqm,5.5
مشرط ابيض,box,5.5
مشرط ابيض,sheet,5.5
مشرط ابيض,sqm,5.5
ابيض,box,5
ابيض,sheet,5
ابيض,sqm,5
اخضر غامق,sqm,5
ازرق غامق,box,5
ازرق غامق,sheet,5
ازرق غامق,sqm,5
اسود,box,5
اسود,sheet,5
اسود,sqm,5
بامبو مغشى اسيد ابيض,sqm,5
بامبو مغشى برونز,sqm,5
برش اسود,box,5
برش اسود,sheet,5
برش اسود,sqm,5
برونز,box,5
برونز,sheet,5
برونز,sqm,5
شلال اسيد ابيض,sqm,4
شلال اسيد برونز,sqm,4
عاكس اخضر غامق,sqm,5
عاكس ازرق غامق,box,5
عاكس ازرق غامق,sheet,5
عاكس ازرق غامق,sqm,5
عاكس برونز,sqm,5
محجر بازل اسود,box,5
محجر بازل اسود,sheet,5
محجر بازل اسود,sqm,5
محجر بامبو برونز,box,5
محجر بامبو برونز,sheet,5
محجر بامبو برونز,sqm,5
محجر منقط ابيض,box,5
محجر منقط ابيض,sheet,5
محجر منقط ابيض,sqm,5
مرايا ابيض,box,5
مرايا ابيض,sheet,5
مرايا ابيض,sqm,5
مرايا اخضر,box,5
مرايا اخضر,sheet,5
مرايا اخضر,sqm,5
مرايا ازرق,box,5
مرايا ازرق,sheet,5
مرايا ازرق,sqm,5
مرايا اسود,box,5
مرايا اسود,sheet,5
مرايا اسود,sqm,5
مرايا برونز,box,5
مرايا برونز,sheet,5
مرايا برونز,sqm,5
مرايا ذهبي,box,5
مرايا ذهبي,sheet,5
مرايا ذهبي,sqm,5
مرايا زهر,box,5
مرايا زهر,sheet,5
مرايا زهر,sqm,5
مغشى ابيض,sqm,5
مقلم اسيد ابيض,box,5
مقلم اسيد ابيض,sheet,5
مقلم اسيد ابيض,sqm,5
مقلم كريستال,sheet,5
منقط اسيد ابيض,sheet,5
تريبلكس ابيض,box,6.2
تريبلكس ابيض,sheet,6.2
تريبلكسSilence,box,6.2
تريبلكسSilence,sheet,6.2
تريبلكسSilence,sqm,6.2
LOW-E,box,6
LOW-E,sheet,6
LOW-E,sqm,6
LOW-E N70,box,6
LOW-E N70,sheet,6
LOW-E N70,sqm,6
LOW-E N71,box,6
LOW-E N71,sheet,6
ابيض جامبو,box,6
ابيض جامبو,sheet,6
ابيض,box,6
ابيض,sheet,6
ابيض,sqm,6
ازرق غامق,box,6
ازرق غامق,sheet,6
ازرق غامق,sqm,6
ازرق فاتح,box,6
ازرق فاتح,sheet,6
ازرق فاتح,sqm,6
اسود غامق,box,5.5
اسود غامق,sheet,5.5
اسود غامق,sqm,5.5
اسود,box,6
اسود,sheet,6
اسود,sqm,6
ايفير غرين,sqm,6
برونز,box,6
برونز,sheet,6
برونز,sqm,6
بلو غرين,box,6
بلو غرين,sheet,6
بلو غرين,sqm,6
تريبلكس ابيض,box,6
تريبلكس ابيض,sheet,6
تريبلكس ابيض,sqm,6
تريبلكس اخضر,box,6
تريبلكس اخضر,sheet,6
تريبلكس اخضر,sqm,6
تريبلكس اسود,box,6
تريبلكس اسود,sheet,6
تريبلكس اسود,sqm,6
تريبلكس برونز,box,6
تريبلكس برونز,sheet,6
تريبلكس برونز,sqm,6
تريبلكس مغشى,box,6
تريبلكس مغشى,sheet,6
تريبلكس مغشى,sqm,6
زهر,box,6
زهر,sheet,6
زهر,sqm,6
عاكس ابيض,box,6
عاكس ابيض,sheet,6
عاكس ابيض,sqm,6
عاكس اخضر فاتح,box,6
عاكس اخضر فاتح,sheet,6
عاكس اخضر فاتح,sqm,6
عاكس ازرق غامق,box,6
عاكس ازرق غامق,sheet,6
عاكس ازرق فاتح,box,6
عاكس ازرق فاتح,sheet,6
عاكس ازرق فاتح,sqm,6
عاكس اسود,box,6
عاكس اسود,sheet,6
عاكس اسود,sqm,6
عاكس برونز,box,6
عاكس برونز,sheet,6
عاكس برونز,sqm,6
عاكس زهر,box,6
عاكس زهر,sheet,6
عاكس زهر,sqm,6
عاكسSuperSilver,box,6
عاكسSuperSilver,sheet,6
عاكسSuperSilver,sqm,6
كريستال مدهون ابيض,box,6
كريستال مدهون ابيض,sheet,6
كريستال مدهون ابيض,sqm,6
كريستال,box,6
كريستال,sheet,6
كريستال,sqm,6
مدهون اسود,box,6
مدهون اسود,sheet,6
مدهون اسود,sqm,6
مرايا ابيض,sheet,6
مرايا ابيض,box,6
مرايا ابيض,sheet,6
مرايا ابيض,sqm,6
مرايا اخضر,sqm,6
مرايا اسود,box,6
مرايا اسود,sheet,6
مرايا اسود,sqm,6
مرايا برونز,box,6
مرايا برونز,sheet,6
مرايا برونز,sqm,6
مرايا زهر,sqm,6
مرايا كريتسال ابيض,box,6
مرايا كريتسال ابيض,sheet,6
مرايا كريتسال ابيض,sqm,6
مرايا معتق - رقم 1,box,6
مرايا معتق - رقم 1,sheet,6
مرايا معتق - رقم 1,sqm,6
مرايا معتق - رقم 2,box,6
مرايا معتق - رقم 2,sheet,6
مرايا معتق - رقم 2,sqm,6
مرايا معتق - رقم 3,box,6
مرايا معتق - رقم 3,sheet,6
مرايا معتق - رقم 4,box,6
مرايا معتق - رقم 4,sheet,6
مرايا معتق - رقم 5,box,6
مرايا معتق - رقم 5,sheet,6
مرايا معتق - رقم 6,box,6
مرايا معتق - رقم 6,sheet,6
مرايا معتق - رقم 6,sqm,6
مرايا معتق - رقم 7,box,6
مرايا معتق - رقم 7,sheet,6
مشرط ابيض دلتا,sqm,6
مشرط ابيض شفاف,sqm,6
مشرط ابيض,box,6
مشرط ابيض,sheet,6
مشرط ابيض,sqm,6
مشرط اخضر,box,6
مشرط اخضر,sheet,6
مشرط اخضر,sqm,6
مشرط ازرق,sqm,6
مشرط اسود,box,6
مشرط اسود,sheet,6
مشرط اسود,sqm,6
مشرط برونز,box,6
مشرط برونز,sheet,6
مشرط برونز,sqm,6
مشرط عسلي,sqm,6
مغشى ابيض,box,6
مغشى ابيض,sheet,6
مغشى ابيض,sqm,6
مغشى اسيد,box,6
مغشى اسيد,sheet,6
مغشى اسيد,sqm,6
تريبلكس ابيض,box,8.2
تريبلكس ابيض,sheet,8.2
تريبلكس ابيض,sqm,8.2
تريبلكسSilence,box,8.2
تريبلكسSilence,sheet,8.2
تريبلكسSilence,sqm,8.2
LOW-E,box,8
LOW-E,sheet,8
LOW-E,sqm,8
LOW-E N70,box,8
LOW-E N70,sheet,8
LOW-E N70,sqm,8
ابيض جامبو,box,8
ابيض جامبو,sheet,8
ابيض,box,8
ابيض,sheet,8
ابيض,sqm,8
اخضر فاتح,box,8
اخضر فاتح,sheet,8
اخضر فاتح,sqm,8
ازرق فاتح,box,8
ازرق فاتح,sheet,8
ازرق فاتح,sqm,8
اسود,box,8
اسود,sheet,8
اسود,sqm,8
برش ابيض,box,8
برش ابيض,sheet,8
برش ابيض,sqm,8
برونز,box,8
برونز,sheet,8
برونز,sqm,8
تريبلكس LOW-E,box,8
تريبلكس LOW-E,sheet,8
تريبلكس LOW-E,sqm,8
تريبلكس ابيض,box,8
تريبلكس ابيض,sheet,8
تريبلكس ابيض,sqm,8
تريبلكس اخضر,box,8
تريبلكس اخضر,sheet,8
تريبلكس اخضر,sqm,8
تريبلكس اسود,box,8
تريبلكس اسود,sheet,8
تريبلكس اسود,sqm,8
تريبلكس برونز,box,8
تريبلكس برونز,sheet,8
تريبلكس برونز,sqm,8
تريبلكس مغشى,box,8
تريبلكس مغشى,sheet,8
تريبلكس مغشى,sqm,8
عاكس ابيض,box,8
عاكس ابيض,sheet,8
عاكس ابيض,sqm,8
عاكس اخضر,box,8
عاكس اخضر,sheet,8
عاكس اخضر,sqm,8
عاكس ازرق فاتح,box,8
عاكس ازرق فاتح,sheet,8
عاكس ازرق فاتح,sqm,8
عاكس اسود,box,8
عاكس اسود,sheet,8
عاكس اسود,sqm,8
عاكس برونز,box,8
عاكس برونز,sheet,8
عاكس برونز,sqm,8
كريستال,box,8
كريستال,sheet,8
كريستال,sqm,8
مرايا ابيض,box,8
مرايا ابيض,sheet,8
مرايا ابيض,sqm,8
مغشى اسيد,box,8
مغشى اسيد,sheet,8
مغشى اسيد,sqm,8
Metal Frames System,unit,70
بلور,unit,0
بنسة زجاج,unit,65.1
بيكار 40سم,unit,61
بيكار 50 سم,unit,61
بيكار 80 سم,unit,61
بيكار120سم,unit,61.1
بيكار140سم,unit,61.1
بيكار150سم,unit,61.5
بيكار180سم,unit,61.2
دوبل فتراج,unit,97
دوبل فتراج 6ملم برش ابيض+ بلور,unit,97
دوبل فتراج بلور+ اسود,unit,97
دوبل فتراج بلور+ برونز,unit,97
دوبل فتراج بلور+ بلور,unit,97
دوبل فتراج6ملم بلور+ مشرط اسود,unit,97
دوبل فراج 6ملم بلور+ 6 ملم ازرق فاتح,unit,97
دوبل فراج 6ملم بلور+8 ملم مغشى اسيد,unit,97
دوبل فراج مشرط ابيض + بلور,unit,97
دوبل فيتراج 6 ملم تربلكس+6ملم تربلكس,unit,97
دولاب خشب,unit,64.2
دولاب كاز,unit,64.1
راس مسطرة قص,unit,62.9
رقم الكونتينر,unit,98
زاوية 100سم,unit,60.1
زاوية 110سم,unit,60.1
زاوية 120سم,unit,60.1
زاوية 130 سم,unit,60.1
زاوية 140 سم,unit,60.1
زاوية 145 سم زرقاء,unit,60.1
زاوية 150سم,unit,60.1
زاوية 155سم,unit,60.1
زاوية 160سم,unit,60.1
زاوية 80سم,unit,60
زاوية 90سم,unit,60
زاوية60سم,unit,60
عاكس برونز,box,5
عاكس برونز,sheet,5
فانتوس,unit,67.1
فانتوس اسود 175,unit,67.2
فانتوس برونز 135,unit,67.3
كفوف,unit,66.1
كوتشوك,unit,69.1
محجر اسيد تلفزيون,sheet,4
محجر اسيد ديكور رقم 1,box,4
محجر اسيد ديكور رقم 1,sheet,4
محجر اسيد ديكور رقم 1,sqm,4
محجر اسيد ديكور رقم 10,box,4
محجر اسيد ديكور رقم 10,sheet,4
محجر اسيد ديكور رقم 10,sqm,4
محجر اسيد ديكور رقم 2,box,4
محجر اسيد ديكور رقم 2,sheet,4
محجر اسيد ديكور رقم 2,sqm,4
محجر اسيد ديكور رقم 3,box,4
محجر اسيد ديكور رقم 3,sheet,4
محجر اسيد ديكور رقم 3,sqm,4
محجر اسيد ديكور رقم 4,box,4
محجر اسيد ديكور رقم 4,sheet,4
محجر اسيد ديكور رقم 4,sqm,4
محجر اسيد ديكور رقم 5,box,4
محجر اسيد ديكور رقم 5,sheet,4
محجر اسيد ديكور رقم 5,sqm,4
محجر اسيد ديكور رقم 6,box,4
محجر اسيد ديكور رقم 6,sheet,4
محجر اسيد ديكور رقم 6,sqm,4
محجر اسيد ديكور رقم 7,box,4
محجر اسيد ديكور رقم 7,sheet,4
محجر اسيد ديكور رقم 7,sqm,4
محجر اسيد ديكور رقم 8,box,4
محجر اسيد ديكور رقم 8,sheet,4
محجر اسيد ديكور رقم 8,sqm,4
محجر اسيد ديكور رقم 9,box,4
محجر اسيد ديكور رقم 9,sheet,4
محجر اسيد ديكور رقم 9,sqm,4
محجر اسيد مشكل,box,4
محجر اسيد مشكل,sheet,4
محجر اسيد مشكل,sqm,4
محجر بازل ابيض,box,3.5
محجر بازل ابيض,sheet,3.5
محجر دلتا ابيض,box,3.5
محجر دلتا ابيض,sheet,3.5
محجر دلتا برونز,box,3.5
محجر دلتا برونز,sheet,3.5
مرايا اسيد مشكل,sqm,4
مرايا اسيد ملون,sqm,4
مسطرة قص120سم,unit,62.1
مسطرة قص150سم,unit,62.1
مسطرة قص180سم,unit,62.1
مسطرة(زاوية),unit,63.1
معجونى,unit,68.1
