id,categoryName,subCategory,colorName,designName,itemNumber,,ItemNumberForVarients,itemdescription id
1,Float,Normal,مات,,00100-020-4,,00100-020-4,1
2,Float,Normal,ابيض,,00101-020-4,,00100-020-4,1
3,Float,Normal,ابيض,,00101-027-4,,00100-020-4,1
4,Float,Normal,ابيض,,00101-030-4,,00100-020-4,1
5,Float,Normal,ابيض,,00101-032-4,,00100-020-4,1
6,Float,Normal,ابيض,,00101-040-4,,00100-020-4,1
7,Float,Normal,ابيض,,00101-047-4,,00100-020-4,1
8,Float,Normal,ابيض,,00101-050-4,,00100-020-4,1
9,Float,Normal,ابيض,,00101-050-4,,00100-020-4,1
10,Float,Split,ابيض,,00101-055-0,,00100-020-4,1
11,Float,Transition,ابيض,,00101-055-1,,00100-020-4,1
12,Float,Normal,ابيض,,00101-055-4,,00100-020-4,1
13,Float,Normal,ابيض,,00101-060-4,,00101-020-4,2
14,Float,Jumbo 321,ابيض,,00101-060-9,,00101-020-4,2
15,Float,Normal,ابيض,,00101-080-4,,00101-020-4,2
16,Float,Jumbo 280,ابيض,,00101-080-7,,00101-020-4,2
17,Float,Jumbo 450,ابيض,,00101-080-8,,00101-020-4,2
18,Float,Jumbo 321,ابيض,,00101-080-9,,00101-020-4,2
19,Float,Transition,ابيض,,00101-100-1,,00101-020-4,2
20,Float,Normal,ابيض,,00101-100-4,,00101-020-4,2
21,Float,Jumbo 280,ابيض,,00101-100-7,,00101-020-4,2
22,Float,Jumbo 450,ابيض,,00101-100-8,,00101-020-4,2
23,Float,Jumbo 321,ابيض,,00101-100-9,,00101-020-4,2
24,Float,Normal,ابيض,,00101-120-4,,00101-020-4,2
25,Float,Jumbo 450,ابيض,,00101-120-8,,00101-020-4,2
26,Float,Normal,ابيض,,00101-150-4,,00101-020-4,2
27,Float,Size 244,ابيض,,00101-150-5,,00101-020-4,2
28,Float,Size 255,ابيض,,00101-150-6,,00101-027-4,3
29,Float,Normal,ابيض,,00101-190-4,,00101-027-4,3
30,Float,Size 244,ابيض,,00101-190-5,,00101-027-4,3
31,Float,Normal,اسود,,00102-040-4,,00101-030-4,4
32,Float,Normal,اسود,,00102-050-4,,00101-030-4,4
33,Float,Transition,اسود,,00102-055-1,,00101-030-4,4
34,Float,Normal,اسود,,00102-055-4,,00101-030-4,4
35,Float,Normal,اسود,,00102-060-4,,00101-030-4,4
36,Float,Normal,اسود,,00102-080-4,,00101-030-4,4
37,Float,Normal,اسود,,00102-100-4,,00101-030-4,4
38,Float,Normal,اسود,,00102-120-4,,00101-030-4,4
39,Float,Normal,برونز,,00103-030-4,,00101-030-4,4
40,Float,Normal,برونز,,00103-037-4,,00101-030-4,4
41,Float,Normal,برونز,,00103-040-4,,00101-030-4,4
42,Float,Normal,برونز,,00103-050-4,,00101-030-4,4
43,Float,Split,برونز,,00103-055-0,,00101-030-4,4
44,Float,Transition,برونز,,00103-055-1,,00101-030-4,4
45,Float,Normal,برونز,,00103-055-4,,00101-030-4,4
46,Float,Normal,برونز,,00103-060-4,,00101-030-4,4
47,Float,Normal,برونز,,00103-080-4,,00101-030-4,4
48,Float,Normal,برونز,,00103-100-4,,00101-030-4,4
49,Float,Normal,برونز,,00103-120-4,,00101-032-4,5
50,Float,Normal,اخضر فاتح,,00104-055-4,,00101-032-4,5
51,Float,Normal,اخضر فاتح,,00104-080-4,,00101-032-4,5
52,Float,Normal,اخضر فاتح,,00104-100-4,,00101-040-4,6
53,Float,Normal,اخضر فاتح,,00104-120-4,,00101-040-4,6
54,Float,Normal,اخضر غامق,,00105-050-4,,00101-040-4,6
55,Float,Normal,اخضر غامق,,00105-053-4,,00101-040-4,6
56,Float,Normal,اخضر غامق,,00105-053-4,,00101-040-4,6
57,Float,Normal,اخضر غامق,,00105-055-4,,00101-040-4,6
58,Float,Transition,ازرق فاتح,,00106-055-1,,00101-040-4,6
59,Float,Normal,ازرق فاتح,,00106-055-4,,00101-040-4,6
60,Float,Normal,ازرق فاتح,,00106-060-4,,00101-040-4,6
61,Float,Normal,ازرق فاتح,,00106-080-4,,00101-040-4,6
62,Float,Normal,ازرق فاتح,,00106-100-4,,00101-040-4,6
63,Float,Normal,ازرق غامق,,00107-050-4,,00101-040-4,6
64,Float,Normal,ازرق غامق,,00107-050-4,,00101-040-4,6
65,Float,Normal,ازرق غامق,,00107-053-4,,00101-040-4,6
66,Float,Normal,ازرق غامق,,00107-053-4,,00101-040-4,6
67,Float,Normal,ازرق غامق,,00107-055-4,,00101-040-4,6
68,Float,Normal,ازرق غامق,,00107-060-4,,00101-040-4,6
69,Float,Normal,بلو غرين,,00108-060-4,,00101-040-4,6
70,Float,Normal,ايفير غرين,,00108-060-4,,00101-040-4,6
71,Float,Normal,اسود غامق,,00109-055-4,,00101-040-4,6
72,Float,Normal,زهر,,00111-060-4,,00101-040-4,6
73,Reflective,Normal,ابيض,,01101-055-4,,00101-040-4,6
74,Reflective,Normal,ابيض,,01101-060-4,,00101-040-4,6
75,Reflective,Normal,ابيض,,01101-080-4,,00101-040-4,6
76,Reflective,Normal,اسود,,01102-040-4,,00101-040-4,6
77,Reflective,Normal,اسود,,01102-053-4,,00101-040-4,6
78,Reflective,Normal,اسود,,01102-055-4,,00101-040-4,6
79,Reflective,Normal,اسود,,01102-060-4,,00101-040-4,6
80,Reflective,Normal,اسود,,01102-080-4,,00101-040-4,6
81,Reflective,Normal,اسود,,01102-100-4,,00101-040-4,6
82,Reflective,Normal,برونز,,01103-040-4,,00101-040-4,6
83,Reflective,Normal,برونز,,01103-040-4,,00101-040-4,6
84,Reflective,Normal,برونز,,01103-050-4,,00101-040-4,6
85,Reflective,Normal,برونز,,01103-050-4,,00101-040-4,6
86,Reflective,Normal,برونز,,01103-053-4,,00101-040-4,6
87,Reflective,Normal,برونز,,01103-055-4,,00101-040-4,6
88,Reflective,Normal,برونز,,01103-060-4,,00101-040-4,6
89,Reflective,Normal,برونز,,01103-080-4,,00101-040-4,6
90,Reflective,Normal,برونز,,01103-100-4,,00101-040-4,6
91,Reflective,Normal,اخضر فاتح,,01104-055-4,,00101-040-4,6
92,Reflective,Normal,اخضر فاتح,,01104-060-4,,00101-040-4,6
93,Reflective,Normal,اخضر,,01104-080-4,,00101-040-4,6
94,Reflective,Normal,اخضر غامق,,01105-040-4,,00101-040-4,6
95,Reflective,Normal,اخضر غامق,,01105-050-4,,00101-040-4,6
96,Reflective,Normal,اخضر غامق,,01105-053-4,,00101-040-4,6
97,Reflective,Normal,اخضر غامق,,01105-053-4,,00101-047-4,7
98,Reflective,Normal,اخضر غامق,,01105-055-4,,00101-047-4,7
99,Reflective,Normal,ازرق فاتح,,01106-055-4,,00101-047-4,7
100,Reflective,Normal,ازرق فاتح,,01106-060-4,,00101-050-4,9
101,Reflective,Normal,ازرق فاتح,,01106-080-4,,00101-050-4,9
102,Reflective,Normal,ازرق غامق,,01107-050-4,,00101-050-4,9
103,Reflective,Normal,ازرق غامق,,01107-053-4,,00101-050-4,9
104,Reflective,Normal,ازرق غامق,,01107-053-4,,00101-050-4,9
105,Reflective,Normal,ازرق غامق,,01107-055-4,,00101-050-4,9
106,Reflective,Normal,ازرق غامق,,01107-060-4,,00101-050-4,9
107,Reflective,Normal,زهر,,01111-060-4,,00101-050-4,9
108,Reflective,Normal,SuperSilver,,01114-060-4,,00101-050-4,9
109,Translucent,Low E - Hard,ابيض,,01201-060-0,,00101-050-4,9
110,Translucent,Low E - Soft,ابيض,,01201-060-1,,00101-050-4,9
111,Translucent,Low E - Soft,ابيض,,01201-060-1,,00101-050-4,9
112,Translucent,Low E - Soft,ابيض,,01201-060-1,,00101-050-4,9
113,Translucent,Low E - Hard,ابيض,,01201-080-0,,00101-050-4,9
114,Translucent,Low E - Soft,ابيض,,01201-080-1,,00101-050-4,9
115,Translucent,Low E - Soft,ابيض,,01201-080-1,,00101-050-4,9
116,Translucent,Low E - Soft,ابيض,,01201-100-1,,00101-050-4,9
117,Translucent,Low E - Soft,ابيض,,01201-100-1,,00101-050-4,9
118,Translucent,Wired,ابيض,,02101-055-4,,00101-050-4,9
119,Translucent,Wired,ابيض,,02101-060-4,,00101-050-4,9
120,Translucent,Wired - Big,ابيض,,02101-060-5,,00101-050-4,9
121,Translucent,Wired - Clear,ابيض,,02101-060-6,,00101-050-4,9
122,Translucent,Wired - Delta,ابيض,,02101-060-7,,00101-050-4,9
123,Translucent,Wired,اسود,,02102-060-4,,00101-050-4,9
124,Translucent,Wired,برونز,,02103-060-4,,00101-050-4,9
125,Translucent,Wired,اخضر,,02104-060-4,,00101-050-4,9
126,Translucent,Wired,ازرق,,02106-060-4,,00101-050-4,9
127,Translucent,Wired,عسلي,,02113-060-4,,00101-050-4,9
128,Translucent,Nashiji,ابيض,,02201-040-0,,00101-050-4,9
129,Translucent,Nashiji,ابيض,,02201-055-0,,00101-050-4,9
130,Translucent,Nashiji,ابيض,,02201-080-0,,00101-050-4,9
131,Translucent,Nashiji,ابيض,,02201-100-0,,00101-050-4,9
132,Translucent,Nashiji,اسود,,02202-050-0,,00101-050-4,9
133,Translucent,Nashiji,اسود,,02202-053-0,,00101-050-4,9
134,Translucent,Nashiji,اسود,,02202-055-0,,00101-050-4,9
135,Translucent,Nashiji,برونز,,02203-055-0,,00101-050-4,9
136,Translucent,Nashiji,اخضر غامق,,02205-055-0,,00101-050-4,9
137,Translucent,Acid,مغشى,,02310-040-0,,00101-050-4,9
138,Translucent,Acid,مغشى,,02310-060-0,,00101-050-4,9
139,Translucent,Acid,مغشى,,02310-080-0,,00101-050-4,9
140,Translucent,Acid,مغشى,,02310-100-0,,00101-050-4,9
141,Translucent,Acid,مغشى,,02310-120-0,,00101-055-0,10
142,Translucent,Acid,مغشى,,02410-030-0,,00101-055-0,10
143,Translucent,Acid,مغشى,,02410-040-0,,00101-055-0,10
144,Translucent,Acid,مغشى,,02410-050-0,,00101-055-0,10
145,Translucent,Acid,مغشى,,02410-060-0,,00101-055-1,11
146,Translucent,Fire Rated,ابيض,,02501-040-4,,00101-055-1,11
147,Mirror,Silver,ابيض,,03101-030-4,,00101-055-1,11
148,Mirror,Aluminum,ابيض,,03101-030-6,,00101-055-1,11
149,Mirror,Silver - Small,ابيض,,03101-040-0,,00101-055-1,11
150,Mirror,Silver,ابيض,,03101-040-4,,00101-055-1,11
151,Mirror,Aluminum,ابيض,,03101-040-6,,00101-055-1,11
152,Mirror,Silver,ابيض,,03101-050-4,,00101-055-1,11
153,Mirror,Aluminum,ابيض,,03101-050-6,,00101-055-1,11
154,Mirror,Silver,ابيض,,03101-060-4,,00101-055-1,11
155,Mirror,Silver,ابيض,,03101-080-4,,00101-055-1,11
156,Mirror,Silver,اسود,,03102-040-4,,00101-055-1,11
157,Mirror,Silver,اسود,,03102-050-4,,00101-055-1,11
158,Mirror,Silver,اسود,,03102-060-4,,00101-055-1,11
159,Mirror,Silver,برونز,,03103-040-4,,00101-055-1,11
160,Mirror,Silver,برونز,,03103-050-4,,00101-055-4,12
161,Mirror,Silver,برونز,,03103-060-4,,00101-055-4,12
162,Mirror,Silver,اخضر,,03104-050-4,,00101-055-4,12
163,Mirror,Silver,اخضر,,03104-060-4,,00101-055-4,12
164,Mirror,Silver,ازرق,,03106-040-4,,00101-055-4,12
165,Mirror,Silver,ازرق,,03106-050-4,,00101-055-4,12
166,Mirror,Silver,زهر,,03111-040-4,,00101-055-4,12
167,Mirror,Silver,زهر,,03111-050-4,,00101-055-4,12
168,Mirror,Silver,زهر,,03111-060-4,,00101-055-4,12
169,Mirror,Silver,ذهبي,,03115-040-4,,00101-055-4,12
170,Mirror,Silver,ذهبي,,03115-050-4,,00101-055-4,12
171,Mirror,Extra Clear,كريستال,,03312-060-0,,00101-055-4,12
172,Mirror,Antique,معتق رقم 1,,03401-040-0,,00101-055-4,12
173,Mirror,Antique,معتق رقم 1,,03401-060-0,,00101-055-4,12
174,Mirror,Antique,معتق رقم 2,,03402-060-0,,00101-055-4,12
175,Mirror,Antique,معتق رقم 3,,03403-060-0,,00101-055-4,12
176,Mirror,Antique,,معتق رقم 4,03404-060-0,,00101-055-4,12
177,Mirror,Antique,,معتق رقم 5,03405-060-0,,00101-055-4,12
178,Mirror,Antique,,معتق رقم 6,03406-060-0,,00101-055-4,12
179,Mirror,Antique,,معتق رقم 7,03407-060-0,,00101-055-4,12
180,Laminated,Normal,ابيض,,04101-060-4,,00101-055-4,12
181,Laminated,Normal,ابيض,,04101-062-4,,00101-055-4,12
182,Laminated,Normal,ابيض,,04101-080-4,,00101-055-4,12
183,Laminated,Normal,ابيض,,04101-082-4,,00101-055-4,12
184,Laminated,Normal,ابيض,,04101-100-4,,00101-055-4,12
185,Laminated,Normal,ابيض,,04101-102-4,,00101-055-4,12
186,Laminated,Laminated Jumbo,ابيض,,04101-102-9,,00101-055-4,12
187,Laminated,Normal,ابيض,,04101-120-4,,00101-055-4,12
188,Laminated,Normal,ابيض,,04101-122-4,,00101-055-4,12
189,Laminated,Normal,ابيض,,04101-162-4,,00101-055-4,12
190,Laminated,Normal,اسود,,04102-060-4,,00101-055-4,12
191,Laminated,Normal,اسود,,04102-080-4,,00101-055-4,12
192,Laminated,Normal,برونز,,04103-060-4,,00101-055-4,12
193,Laminated,Normal,برونز,,04103-080-4,,00101-055-4,12
194,Laminated,Normal,برونز,,04103-100-4,,00101-055-4,12
195,Laminated,Normal,برونز,,04103-120-4,,00101-055-4,12
196,Laminated,Normal,اخضر,,04104-060-4,,00101-055-4,12
197,Laminated,Normal,اخضر,,04104-080-4,,00101-055-4,12
198,Laminated,Normal,مغشى,,04110-060-4,,00101-055-4,12
199,Laminated,Normal,مغشى,,04110-080-4,,00101-055-4,12
200,Laminated,Normal,مغشى,,04110-100-4,,00101-055-4,12
201,Laminated,Normal,مغشى,,04110-120-4,,00101-055-4,12
202,Laminated,Normal,مغشى,,04110-162-4,,00101-055-4,12
203,Laminated,Laminated Low E,ابيض,,04201-080-0,,00101-055-4,12
204,Laminated,Laminated Acoustic,ابيض,,04301-062-0,,00101-055-4,12
205,Laminated,Laminated Acoustic,ابيض,,04301-082-0,,00101-055-4,12
206,Laminated,Laminated Acoustic,ابيض,,04301-102-0,,00101-055-4,12
207,Laminated,Laminated Acoustic,ابيض,,04301-122-0,,00101-055-4,12
208,Extra Clear,Extra Clear,كريستال,,05212-040-0,,00101-055-4,12
209,Extra Clear,Extra Clear,كريستال,,05212-060-0,,00101-055-4,12
210,Extra Clear,Extra Clear - 244,كريستال,,05212-060-5,,00101-055-4,12
211,Extra Clear,Extra Clear,كريستال,,05212-080-0,,00101-055-4,12
212,Extra Clear,Extra Clear - 244,كريستال,,05212-080-5,,00101-055-4,12
213,Extra Clear,Extra Clear,كريستال,,05212-100-0,,00101-055-4,12
214,Extra Clear,Extra Clear - 244,كريستال,,05212-100-5,,00101-055-4,12
215,Extra Clear,Extra Clear,كريستال,,05212-120-0,,00101-055-4,12
216,Extra Clear,Extra Clear - 244,كريستال,,05212-120-5,,00101-055-4,12
217,Extra Clear,Extra Clear,كريستال,,05212-150-0,,00101-055-4,12
218,Extra Clear,Extra Clear - Jumbo,كريستال,,05212-150-9,,00101-055-4,12
219,Extra Clear,Extra Clear,كريستال,,05212-190-0,,00101-055-4,12
220,Decorative,Painted,اسود,,06102-040-4,,00101-055-4,12
221,Decorative,Painted,اسود,,06102-060-4,,00101-055-4,12
222,Decorative,Painted,كريستال ابيض,,06112-040-4,,00101-055-4,12
223,Decorative,Painted,كريستال ابيض,,06112-060-4,,00101-055-4,12
224,Decorative,Colored,اخضر,,06204-030-0,,00101-055-4,12
225,Decorative,Colored,ازرق,,06206-030-0,,00101-055-4,12
226,Decorative,Colored,عسلي,,06213-030-0,,00101-055-4,12
,,,,,,,00101-055-4,12
,,,,,,,00101-055-4,12
,,,,,,,00101-055-4,12
,,,,,,,00101-055-4,12
,,,,,,,00101-055-4,12
,,,,,,,00101-055-4,12
,,,,,,,00101-055-4,12
,,,,,,,00101-055-4,12
,,,,,,,00101-055-4,12
,,,,,,,00101-055-4,12
,,,,,,,00101-055-4,12
,,,,,,,00101-055-4,12
,,,,,,,00101-055-4,12
,,,,,,,00101-055-4,12
,,,,,,,00101-055-4,12
,,,,,,,00101-055-4,12
,,,,,,,00101-055-4,12
,,,,,,,00101-055-4,12
,,,,,,,00101-055-4,12
,,,,,,,00101-055-4,12
,,,,,,,00101-055-4,12
,,,,,,,00101-055-4,12
,,,,,,,00101-055-4,12
,,,,,,,00101-055-4,12
,,,,,,,00101-055-4,12
,,,,,,,00101-055-4,12
,,,,,,,00101-055-4,12
,,,,,,,00101-055-4,12
,,,,,,,00101-055-4,12
,,,,,,,00101-055-4,12
,,,,,,,00101-055-4,12
,,,,,,,00101-055-4,12
,,,,,,,00101-055-4,12
,,,,,,,00101-055-4,12
,,,,,,,00101-055-4,12
,,,,,,,00101-055-4,12
,,,,,,,00101-055-4,12
,,,,,,,00101-055-4,12
,,,,,,,00101-055-4,12
,,,,,,,00101-055-4,12
,,,,,,,00101-055-4,12
,,,,,,,00101-055-4,12
,,,,,,,00101-055-4,12
,,,,,,,00101-055-4,12
,,,,,,,00101-055-4,12
,,,,,,,00101-055-4,12
,,,,,,,00101-055-4,12
,,,,,,,00101-055-4,12
,,,,,,,00101-055-4,12
,,,,,,,00101-055-4,12
,,,,,,,00101-055-4,12
,,,,,,,00101-055-4,12
,,,,,,,00101-055-4,12
,,,,,,,00101-055-4,12
,,,,,,,00101-055-4,12
,,,,,,,00101-055-4,12
,,,,,,,00101-055-4,12
,,,,,,,00101-055-4,12
,,,,,,,00101-055-4,12
,,,,,,,00101-055-4,12
,,,,,,,00101-055-4,12
,,,,,,,00101-055-4,12
,,,,,,,00101-055-4,12
,,,,,,,00101-055-4,12
,,,,,,,00101-055-4,12
,,,,,,,00101-055-4,12
,,,,,,,00101-055-4,12
,,,,,,,00101-055-4,12
,,,,,,,00101-055-4,12
,,,,,,,00101-055-4,12
,,,,,,,00101-055-4,12
,,,,,,,00101-055-4,12
,,,,,,,00101-055-4,12
,,,,,,,00101-055-4,12
,,,,,,,00101-055-4,12
,,,,,,,00101-055-4,12
,,,,,,,00101-055-4,12
,,,,,,,00101-055-4,12
,,,,,,,00101-055-4,12
,,,,,,,00101-055-4,12
,,,,,,,00101-055-4,12
,,,,,,,00101-055-4,12
,,,,,,,00101-055-4,12
,,,,,,,00101-055-4,12
,,,,,,,00101-055-4,12
,,,,,,,00101-055-4,12
,,,,,,,00101-055-4,12
,,,,,,,00101-055-4,12
,,,,,,,00101-055-4,12
,,,,,,,00101-055-4,12
,,,,,,,00101-055-4,12
,,,,,,,00101-055-4,12
,,,,,,,00101-055-4,12
,,,,,,,00101-055-4,12
,,,,,,,00101-055-4,12
,,,,,,,00101-055-4,12
,,,,,,,00101-055-4,12
,,,,,,,00101-055-4,12
,,,,,,,00101-055-4,12
,,,,,,,00101-055-4,12
,,,,,,,00101-055-4,12
,,,,,,,00101-055-4,12
,,,,,,,00101-055-4,12
,,,,,,,00101-055-4,12
,,,,,,,00101-055-4,12
,,,,,,,00101-055-4,12
,,,,,,,00101-055-4,12
,,,,,,,00101-055-4,12
,,,,,,,00101-055-4,12
,,,,,,,00101-055-4,12
,,,,,,,00101-055-4,12
,,,,,,,00101-055-4,12
,,,,,,,00101-055-4,12
,,,,,,,00101-055-4,12
,,,,,,,00101-055-4,12
,,,,,,,00101-055-4,12
,,,,,,,00101-055-4,12
,,,,,,,00101-055-4,12
,,,,,,,00101-055-4,12
,,,,,,,00101-055-4,12
,,,,,,,00101-055-4,12
,,,,,,,00101-055-4,12
,,,,,,,00101-055-4,12
,,,,,,,00101-055-4,12
,,,,,,,00101-055-4,12
,,,,,,,00101-055-4,12
,,,,,,,00101-055-4,12
,,,,,,,00101-055-4,12
,,,,,,,00101-055-4,12
,,,,,,,00101-055-4,12
,,,,,,,00101-055-4,12
,,,,,,,00101-055-4,12
,,,,,,,00101-055-4,12
,,,,,,,00101-055-4,12
,,,,,,,00101-055-4,12
,,,,,,,00101-055-4,12
,,,,,,,00101-055-4,12
,,,,,,,00101-055-4,12
,,,,,,,00101-055-4,12
,,,,,,,00101-055-4,12
,,,,,,,00101-055-4,12
,,,,,,,00101-055-4,12
,,,,,,,00101-055-4,12
,,,,,,,00101-055-4,12
,,,,,,,00101-055-4,12
,,,,,,,00101-055-4,12
,,,,,,,00101-055-4,12
,,,,,,,00101-055-4,12
,,,,,,,00101-055-4,12
,,,,,,,00101-055-4,12
,,,,,,,00101-055-4,12
,,,,,,,00101-055-4,12
,,,,,,,00101-055-4,12
,,,,,,,00101-055-4,12
,,,,,,,00101-055-4,12
,,,,,,,00101-055-4,12
,,,,,,,00101-055-4,12
,,,,,,,00101-055-4,12
,,,,,,,00101-055-4,12
,,,,,,,00101-055-4,12
,,,,,,,00101-055-4,12
,,,,,,,00101-055-4,12
,,,,,,,00101-055-4,12
,,,,,,,00101-055-4,12
,,,,,,,00101-055-4,12
,,,,,,,00101-055-4,12
,,,,,,,00101-055-4,12
,,,,,,,00101-055-4,12
,,,,,,,00101-055-4,12
,,,,,,,00101-055-4,12
,,,,,,,00101-055-4,12
,,,,,,,00101-055-4,12
,,,,,,,00101-055-4,12
,,,,,,,00101-055-4,12
,,,,,,,00101-060-4,13
,,,,,,,00101-060-4,13
,,,,,,,00101-060-4,13
,,,,,,,00101-060-4,13
,,,,,,,00101-060-4,13
,,,,,,,00101-060-4,13
,,,,,,,00101-060-4,13
,,,,,,,00101-060-4,13
,,,,,,,00101-060-4,13
,,,,,,,00101-060-4,13
,,,,,,,00101-060-4,13
,,,,,,,00101-060-4,13
,,,,,,,00101-060-4,13
,,,,,,,00101-060-4,13
,,,,,,,00101-060-4,13
,,,,,,,00101-060-4,13
,,,,,,,00101-060-4,13
,,,,,,,00101-060-4,13
,,,,,,,00101-060-4,13
,,,,,,,00101-060-4,13
,,,,,,,00101-060-4,13
,,,,,,,00101-060-4,13
,,,,,,,00101-060-4,13
,,,,,,,00101-060-4,13
,,,,,,,00101-060-4,13
,,,,,,,00101-060-4,13
,,,,,,,00101-060-4,13
,,,,,,,00101-060-4,13
,,,,,,,00101-060-4,13
,,,,,,,00101-060-4,13
,,,,,,,00101-060-4,13
,,,,,,,00101-060-4,13
,,,,,,,00101-060-4,13
,,,,,,,00101-060-4,13
,,,,,,,00101-060-4,13
,,,,,,,00101-060-4,13
,,,,,,,00101-060-9,14
,,,,,,,00101-060-9,14
,,,,,,,00101-060-9,14
,,,,,,,00101-060-9,14
,,,,,,,00101-080-4,15
,,,,,,,00101-080-4,15
,,,,,,,00101-080-4,15
,,,,,,,00101-080-4,15
,,,,,,,00101-080-4,15
,,,,,,,00101-080-4,15
,,,,,,,00101-080-4,15
,,,,,,,00101-080-4,15
,,,,,,,00101-080-4,15
,,,,,,,00101-080-4,15
,,,,,,,00101-080-4,15
,,,,,,,00101-080-4,15
,,,,,,,00101-080-4,15
,,,,,,,00101-080-4,15
,,,,,,,00101-080-4,15
,,,,,,,00101-080-4,15
,,,,,,,00101-080-4,15
,,,,,,,00101-080-4,15
,,,,,,,00101-080-4,15
,,,,,,,00101-080-4,15
,,,,,,,00101-080-4,15
,,,,,,,00101-080-4,15
,,,,,,,00101-080-4,15
,,,,,,,00101-080-4,15
,,,,,,,00101-080-4,15
,,,,,,,00101-080-4,15
,,,,,,,00101-080-4,15
,,,,,,,00101-080-4,15
,,,,,,,00101-080-4,15
,,,,,,,00101-080-4,15
,,,,,,,00101-080-4,15
,,,,,,,00101-080-4,15
,,,,,,,00101-080-4,15
,,,,,,,00101-080-4,15
,,,,,,,00101-080-4,15
,,,,,,,00101-080-4,15
,,,,,,,00101-080-4,15
,,,,,,,00101-080-4,15
,,,,,,,00101-080-4,15
,,,,,,,00101-080-4,15
,,,,,,,00101-080-4,15
,,,,,,,00101-080-4,15
,,,,,,,00101-080-4,15
,,,,,,,00101-080-4,15
,,,,,,,00101-080-4,15
,,,,,,,00101-080-4,15
,,,,,,,00101-080-4,15
,,,,,,,00101-080-4,15
,,,,,,,00101-080-4,15
,,,,,,,00101-080-4,15
,,,,,,,00101-080-4,15
,,,,,,,00101-080-4,15
,,,,,,,00101-080-4,15
,,,,,,,00101-080-4,15
,,,,,,,00101-080-4,15
,,,,,,,00101-080-4,15
,,,,,,,00101-080-4,15
,,,,,,,00101-080-4,15
,,,,,,,00101-080-4,15
,,,,,,,00101-080-4,15
,,,,,,,00101-080-4,15
,,,,,,,00101-080-4,15
,,,,,,,00101-080-4,15
,,,,,,,00101-080-4,15
,,,,,,,00101-080-4,15
,,,,,,,00101-080-4,15
,,,,,,,00101-080-4,15
,,,,,,,00101-080-4,15
,,,,,,,00101-080-4,15
,,,,,,,00101-080-4,15
,,,,,,,00101-080-4,15
,,,,,,,00101-080-4,15
,,,,,,,00101-080-4,15
,,,,,,,00101-080-4,15
,,,,,,,00101-080-4,15
,,,,,,,00101-080-4,15
,,,,,,,00101-080-4,15
,,,,,,,00101-080-4,15
,,,,,,,00101-080-4,15
,,,,,,,00101-080-4,15
,,,,,,,00101-080-4,15
,,,,,,,00101-080-4,15
,,,,,,,00101-080-4,15
,,,,,,,00101-080-4,15
,,,,,,,00101-080-4,15
,,,,,,,00101-080-4,15
,,,,,,,00101-080-4,15
,,,,,,,00101-080-4,15
,,,,,,,00101-080-4,15
,,,,,,,00101-080-4,15
,,,,,,,00101-080-4,15
,,,,,,,00101-080-4,15
,,,,,,,00101-080-4,15
,,,,,,,00101-080-4,15
,,,,,,,00101-080-4,15
,,,,,,,00101-080-4,15
,,,,,,,00101-080-4,15
,,,,,,,00101-080-4,15
,,,,,,,00101-080-4,15
,,,,,,,00101-080-4,15
,,,,,,,00101-080-4,15
,,,,,,,00101-080-4,15
,,,,,,,00101-080-4,15
,,,,,,,00101-080-4,15
,,,,,,,00101-080-4,15
,,,,,,,00101-080-4,15
,,,,,,,00101-080-4,15
,,,,,,,00101-080-4,15
,,,,,,,00101-080-4,15
,,,,,,,00101-080-4,15
,,,,,,,00101-080-4,15
,,,,,,,00101-080-4,15
,,,,,,,00101-080-4,15
,,,,,,,00101-080-4,15
,,,,,,,00101-080-4,15
,,,,,,,00101-080-4,15
,,,,,,,00101-080-4,15
,,,,,,,00101-080-4,15
,,,,,,,00101-080-4,15
,,,,,,,00101-080-4,15
,,,,,,,00101-080-4,15
,,,,,,,00101-080-4,15
,,,,,,,00101-080-4,15
,,,,,,,00101-080-4,15
,,,,,,,00101-080-4,15
,,,,,,,00101-080-4,15
,,,,,,,00101-080-4,15
,,,,,,,00101-080-4,15
,,,,,,,00101-080-4,15
,,,,,,,00101-080-4,15
,,,,,,,00101-080-4,15
,,,,,,,00101-080-4,15
,,,,,,,00101-080-4,15
,,,,,,,00101-080-4,15
,,,,,,,00101-080-4,15
,,,,,,,00101-080-4,15
,,,,,,,00101-080-4,15
,,,,,,,00101-080-4,15
,,,,,,,00101-080-7,16
,,,,,,,00101-080-7,16
,,,,,,,00101-080-8,17
,,,,,,,00101-080-8,17
,,,,,,,00101-080-8,17
,,,,,,,00101-080-8,17
,,,,,,,00101-080-8,17
,,,,,,,00101-080-8,17
,,,,,,,00101-080-8,17
,,,,,,,00101-080-8,17
,,,,,,,00101-080-8,17
,,,,,,,00101-080-9,18
,,,,,,,00101-080-9,18
,,,,,,,00101-080-9,18
,,,,,,,00101-080-9,18
,,,,,,,00101-100-1,19
,,,,,,,00101-100-1,19
,,,,,,,00101-100-1,19
,,,,,,,00101-100-4,20
,,,,,,,00101-100-4,20
,,,,,,,00101-100-4,20
,,,,,,,00101-100-4,20
,,,,,,,00101-100-4,20
,,,,,,,00101-100-4,20
,,,,,,,00101-100-4,20
,,,,,,,00101-100-4,20
,,,,,,,00101-100-4,20
,,,,,,,00101-100-4,20
,,,,,,,00101-100-4,20
,,,,,,,00101-100-4,20
,,,,,,,00101-100-4,20
,,,,,,,00101-100-4,20
,,,,,,,00101-100-4,20
,,,,,,,00101-100-4,20
,,,,,,,00101-100-4,20
,,,,,,,00101-100-4,20
,,,,,,,00101-100-4,20
,,,,,,,00101-100-4,20
,,,,,,,00101-100-4,20
,,,,,,,00101-100-4,20
,,,,,,,00101-100-4,20
,,,,,,,00101-100-4,20
,,,,,,,00101-100-4,20
,,,,,,,00101-100-4,20
,,,,,,,00101-100-4,20
,,,,,,,00101-100-4,20
,,,,,,,00101-100-4,20
,,,,,,,00101-100-4,20
,,,,,,,00101-100-4,20
,,,,,,,00101-100-4,20
,,,,,,,00101-100-4,20
,,,,,,,00101-100-4,20
,,,,,,,00101-100-4,20
,,,,,,,00101-100-4,20
,,,,,,,00101-100-4,20
,,,,,,,00101-100-4,20
,,,,,,,00101-100-4,20
,,,,,,,00101-100-4,20
,,,,,,,00101-100-4,20
,,,,,,,00101-100-4,20
,,,,,,,00101-100-4,20
,,,,,,,00101-100-4,20
,,,,,,,00101-100-4,20
,,,,,,,00101-100-4,20
,,,,,,,00101-100-4,20
,,,,,,,00101-100-4,20
,,,,,,,00101-100-4,20
,,,,,,,00101-100-4,20
,,,,,,,00101-100-4,20
,,,,,,,00101-100-4,20
,,,,,,,00101-100-4,20
,,,,,,,00101-100-4,20
,,,,,,,00101-100-4,20
,,,,,,,00101-100-4,20
,,,,,,,00101-100-4,20
,,,,,,,00101-100-4,20
,,,,,,,00101-100-4,20
,,,,,,,00101-100-4,20
,,,,,,,00101-100-4,20
,,,,,,,00101-100-4,20
,,,,,,,00101-100-4,20
,,,,,,,00101-100-4,20
,,,,,,,00101-100-4,20
,,,,,,,00101-100-4,20
,,,,,,,00101-100-4,20
,,,,,,,00101-100-4,20
,,,,,,,00101-100-4,20
,,,,,,,00101-100-4,20
,,,,,,,00101-100-4,20
,,,,,,,00101-100-4,20
,,,,,,,00101-100-4,20
,,,,,,,00101-100-4,20
,,,,,,,00101-100-4,20
,,,,,,,00101-100-4,20
,,,,,,,00101-100-4,20
,,,,,,,00101-100-4,20
,,,,,,,00101-100-4,20
,,,,,,,00101-100-4,20
,,,,,,,00101-100-4,20
,,,,,,,00101-100-4,20
,,,,,,,00101-100-4,20
,,,,,,,00101-100-4,20
,,,,,,,00101-100-4,20
,,,,,,,00101-100-4,20
,,,,,,,00101-100-4,20
,,,,,,,00101-100-4,20
,,,,,,,00101-100-4,20
,,,,,,,00101-100-4,20
,,,,,,,00101-100-4,20
,,,,,,,00101-100-4,20
,,,,,,,00101-100-4,20
,,,,,,,00101-100-4,20
,,,,,,,00101-100-4,20
,,,,,,,00101-100-4,20
,,,,,,,00101-100-4,20
,,,,,,,00101-100-4,20
,,,,,,,00101-100-4,20
,,,,,,,00101-100-4,20
,,,,,,,00101-100-4,20
,,,,,,,00101-100-4,20
,,,,,,,00101-100-4,20
,,,,,,,00101-100-4,20
,,,,,,,00101-100-4,20
,,,,,,,00101-100-4,20
,,,,,,,00101-100-4,20
,,,,,,,00101-100-4,20
,,,,,,,00101-100-4,20
,,,,,,,00101-100-4,20
,,,,,,,00101-100-4,20
,,,,,,,00101-100-4,20
,,,,,,,00101-100-4,20
,,,,,,,00101-100-4,20
,,,,,,,00101-100-4,20
,,,,,,,00101-100-4,20
,,,,,,,00101-100-4,20
,,,,,,,00101-100-4,20
,,,,,,,00101-100-4,20
,,,,,,,00101-100-4,20
,,,,,,,00101-100-4,20
,,,,,,,00101-100-4,20
,,,,,,,00101-100-4,20
,,,,,,,00101-100-4,20
,,,,,,,00101-100-4,20
,,,,,,,00101-100-4,20
,,,,,,,00101-100-4,20
,,,,,,,00101-100-4,20
,,,,,,,00101-100-4,20
,,,,,,,00101-100-4,20
,,,,,,,00101-100-4,20
,,,,,,,00101-100-7,21
,,,,,,,00101-100-7,21
,,,,,,,00101-100-7,21
,,,,,,,00101-100-8,22
,,,,,,,00101-100-8,22
,,,,,,,00101-100-8,22
,,,,,,,00101-100-8,22
,,,,,,,00101-100-8,22
,,,,,,,00101-100-8,22
,,,,,,,00101-100-8,22
,,,,,,,00101-100-8,22
,,,,,,,00101-100-8,22
,,,,,,,00101-100-9,23
,,,,,,,00101-100-9,23
,,,,,,,00101-100-9,23
,,,,,,,00101-100-9,23
,,,,,,,00101-120-4,24
,,,,,,,00101-120-4,24
,,,,,,,00101-120-4,24
,,,,,,,00101-120-4,24
,,,,,,,00101-120-4,24
,,,,,,,00101-120-4,24
,,,,,,,00101-120-4,24
,,,,,,,00101-120-4,24
,,,,,,,00101-120-4,24
,,,,,,,00101-120-4,24
,,,,,,,00101-120-4,24
,,,,,,,00101-120-4,24
,,,,,,,00101-120-4,24
,,,,,,,00101-120-4,24
,,,,,,,00101-120-4,24
,,,,,,,00101-120-4,24
,,,,,,,00101-120-4,24
,,,,,,,00101-120-4,24
,,,,,,,00101-120-4,24
,,,,,,,00101-120-4,24
,,,,,,,00101-120-4,24
,,,,,,,00101-120-4,24
,,,,,,,00101-120-4,24
,,,,,,,00101-120-4,24
,,,,,,,00101-120-4,24
,,,,,,,00101-120-4,24
,,,,,,,00101-120-4,24
,,,,,,,00101-120-4,24
,,,,,,,00101-120-4,24
,,,,,,,00101-120-4,24
,,,,,,,00101-120-4,24
,,,,,,,00101-120-4,24
,,,,,,,00101-120-4,24
,,,,,,,00101-120-4,24
,,,,,,,00101-120-4,24
,,,,,,,00101-120-4,24
,,,,,,,00101-120-4,24
,,,,,,,00101-120-4,24
,,,,,,,00101-120-4,24
,,,,,,,00101-120-4,24
,,,,,,,00101-120-4,24
,,,,,,,00101-120-4,24
,,,,,,,00101-120-4,24
,,,,,,,00101-120-4,24
,,,,,,,00101-120-4,24
,,,,,,,00101-120-4,24
,,,,,,,00101-120-4,24
,,,,,,,00101-120-4,24
,,,,,,,00101-120-4,24
,,,,,,,00101-120-4,24
,,,,,,,00101-120-4,24
,,,,,,,00101-120-4,24
,,,,,,,00101-120-4,24
,,,,,,,00101-120-4,24
,,,,,,,00101-120-4,24
,,,,,,,00101-120-4,24
,,,,,,,00101-120-4,24
,,,,,,,00101-120-4,24
,,,,,,,00101-120-4,24
,,,,,,,00101-120-4,24
,,,,,,,00101-120-4,24
,,,,,,,00101-120-4,24
,,,,,,,00101-120-4,24
,,,,,,,00101-120-4,24
,,,,,,,00101-120-4,24
,,,,,,,00101-120-4,24
,,,,,,,00101-120-4,24
,,,,,,,00101-120-4,24
,,,,,,,00101-120-4,24
,,,,,,,00101-120-4,24
,,,,,,,00101-120-4,24
,,,,,,,00101-120-4,24
,,,,,,,00101-120-4,24
,,,,,,,00101-120-4,24
,,,,,,,00101-120-4,24
,,,,,,,00101-120-4,24
,,,,,,,00101-120-4,24
,,,,,,,00101-120-4,24
,,,,,,,00101-120-4,24
,,,,,,,00101-120-4,24
,,,,,,,00101-120-4,24
,,,,,,,00101-120-4,24
,,,,,,,00101-120-4,24
,,,,,,,00101-120-4,24
,,,,,,,00101-120-4,24
,,,,,,,00101-120-4,24
,,,,,,,00101-120-4,24
,,,,,,,00101-120-4,24
,,,,,,,00101-120-4,24
,,,,,,,00101-120-4,24
,,,,,,,00101-120-4,24
,,,,,,,00101-120-4,24
,,,,,,,00101-120-4,24
,,,,,,,00101-120-4,24
,,,,,,,00101-120-4,24
,,,,,,,00101-120-4,24
,,,,,,,00101-120-4,24
,,,,,,,00101-120-4,24
,,,,,,,00101-120-4,24
,,,,,,,00101-120-4,24
,,,,,,,00101-120-4,24
,,,,,,,00101-120-4,24
,,,,,,,00101-120-4,24
,,,,,,,00101-120-4,24
,,,,,,,00101-120-4,24
,,,,,,,00101-120-4,24
,,,,,,,00101-120-4,24
,,,,,,,00101-120-4,24
,,,,,,,00101-120-4,24
,,,,,,,00101-120-4,24
,,,,,,,00101-120-4,24
,,,,,,,00101-120-4,24
,,,,,,,00101-120-4,24
,,,,,,,00101-120-4,24
,,,,,,,00101-120-4,24
,,,,,,,00101-120-4,24
,,,,,,,00101-120-4,24
,,,,,,,00101-120-8,25
,,,,,,,00101-120-8,25
,,,,,,,00101-120-8,25
,,,,,,,00101-120-8,25
,,,,,,,00101-120-8,25
,,,,,,,00101-120-8,25
,,,,,,,00101-120-8,25
,,,,,,,00101-120-8,25
,,,,,,,00101-120-8,25
,,,,,,,00101-120-9,
,,,,,,,00101-120-9,
,,,,,,,00101-150-4,26
,,,,,,,00101-150-4,26
,,,,,,,00101-150-4,26
,,,,,,,00101-150-4,26
,,,,,,,00101-150-4,26
,,,,,,,00101-150-4,26
,,,,,,,00101-150-4,26
,,,,,,,00101-150-4,26
,,,,,,,00101-150-4,26
,,,,,,,00101-150-4,26
,,,,,,,00101-150-4,26
,,,,,,,00101-150-4,26
,,,,,,,00101-150-4,26
,,,,,,,00101-150-4,26
,,,,,,,00101-150-4,26
,,,,,,,00101-150-4,26
,,,,,,,00101-150-4,26
,,,,,,,00101-150-4,26
,,,,,,,00101-150-4,26
,,,,,,,00101-150-4,26
,,,,,,,00101-150-4,26
,,,,,,,00101-150-4,26
,,,,,,,00101-150-4,26
,,,,,,,00101-150-4,26
,,,,,,,00101-150-4,26
,,,,,,,00101-150-4,26
,,,,,,,00101-150-4,26
,,,,,,,00101-150-4,26
,,,,,,,00101-150-4,26
,,,,,,,00101-150-4,26
,,,,,,,00101-150-4,26
,,,,,,,00101-150-4,26
,,,,,,,00101-150-4,26
,,,,,,,00101-150-4,26
,,,,,,,00101-150-4,26
,,,,,,,00101-150-4,26
,,,,,,,00101-150-4,26
,,,,,,,00101-150-4,26
,,,,,,,00101-150-4,26
,,,,,,,00101-150-4,26
,,,,,,,00101-150-5,27
,,,,,,,00101-150-5,27
,,,,,,,00101-150-5,27
,,,,,,,00101-150-5,27
,,,,,,,00101-150-5,27
,,,,,,,00101-150-5,27
,,,,,,,00101-150-5,27
,,,,,,,00101-150-5,27
,,,,,,,00101-150-5,27
,,,,,,,00101-150-5,27
,,,,,,,00101-150-5,27
,,,,,,,00101-150-5,27
,,,,,,,00101-150-5,27
,,,,,,,00101-150-5,27
,,,,,,,00101-150-5,27
,,,,,,,00101-150-5,27
,,,,,,,00101-150-5,27
,,,,,,,00101-150-5,27
,,,,,,,00101-150-5,27
,,,,,,,00101-150-5,27
,,,,,,,00101-150-5,27
,,,,,,,00101-150-5,27
,,,,,,,00101-150-5,27
,,,,,,,00101-150-6,28
,,,,,,,00101-190-4,29
,,,,,,,00101-190-4,29
,,,,,,,00101-190-4,29
,,,,,,,00101-190-4,29
,,,,,,,00101-190-4,29
,,,,,,,00101-190-4,29
,,,,,,,00101-190-4,29
,,,,,,,00101-190-4,29
,,,,,,,00101-190-4,29
,,,,,,,00101-190-4,29
,,,,,,,00101-190-4,29
,,,,,,,00101-190-4,29
,,,,,,,00101-190-4,29
,,,,,,,00101-190-4,29
,,,,,,,00101-190-4,29
,,,,,,,00101-190-4,29
,,,,,,,00101-190-5,30
,,,,,,,00101-190-5,30
,,,,,,,00101-190-5,30
,,,,,,,00101-190-5,30
,,,,,,,00101-190-5,30
,,,,,,,00101-190-5,30
,,,,,,,00101-190-5,30
,,,,,,,00102-040-4,31
,,,,,,,00102-040-4,31
,,,,,,,00102-040-4,31
,,,,,,,00102-040-4,31
,,,,,,,00102-040-4,31
,,,,,,,00102-040-4,31
,,,,,,,00102-040-4,31
,,,,,,,00102-040-4,31
,,,,,,,00102-040-4,31
,,,,,,,00102-040-4,31
,,,,,,,00102-050-4,32
,,,,,,,00102-050-4,32
,,,,,,,00102-050-4,32
,,,,,,,00102-050-4,32
,,,,,,,00102-050-4,32
,,,,,,,00102-050-4,32
,,,,,,,00102-050-4,32
,,,,,,,00102-050-4,32
,,,,,,,00102-050-4,32
,,,,,,,00102-055-1,33
,,,,,,,00102-055-1,33
,,,,,,,00102-055-1,33
,,,,,,,00102-055-1,33
,,,,,,,00102-055-1,33
,,,,,,,00102-055-1,33
,,,,,,,00102-055-1,33
,,,,,,,00102-055-1,33
,,,,,,,00102-055-1,33
,,,,,,,00102-055-1,33
,,,,,,,00102-055-1,33
,,,,,,,00102-055-1,33
,,,,,,,00102-055-1,33
,,,,,,,00102-055-1,33
,,,,,,,00102-055-1,33
,,,,,,,00102-055-1,33
,,,,,,,00102-055-1,33
,,,,,,,00102-055-1,33
,,,,,,,00102-055-1,33
,,,,,,,00102-055-1,33
,,,,,,,00102-055-1,33
,,,,,,,00102-055-1,33
,,,,,,,00102-055-1,33
,,,,,,,00102-055-1,33
,,,,,,,00102-055-1,33
,,,,,,,00102-055-1,33
,,,,,,,00102-055-1,33
,,,,,,,00102-055-1,33
,,,,,,,00102-055-1,33
,,,,,,,00102-055-1,33
,,,,,,,00102-055-4,34
,,,,,,,00102-055-4,34
,,,,,,,00102-055-4,34
,,,,,,,00102-055-4,34
,,,,,,,00102-055-4,34
,,,,,,,00102-055-4,34
,,,,,,,00102-055-4,34
,,,,,,,00102-055-4,34
,,,,,,,00102-055-4,34
,,,,,,,00102-055-4,34
,,,,,,,00102-055-4,34
,,,,,,,00102-055-4,34
,,,,,,,00102-055-4,34
,,,,,,,00102-055-4,34
,,,,,,,00102-055-4,34
,,,,,,,00102-055-4,34
,,,,,,,00102-055-4,34
,,,,,,,00102-055-4,34
,,,,,,,00102-055-4,34
,,,,,,,00102-055-4,34
,,,,,,,00102-055-4,34
,,,,,,,00102-055-4,34
,,,,,,,00102-055-4,34
,,,,,,,00102-055-4,34
,,,,,,,00102-055-4,34
,,,,,,,00102-055-4,34
,,,,,,,00102-055-4,34
,,,,,,,00102-055-4,34
,,,,,,,00102-055-4,34
,,,,,,,00102-055-4,34
,,,,,,,00102-055-4,34
,,,,,,,00102-055-4,34
,,,,,,,00102-055-4,34
,,,,,,,00102-055-4,34
,,,,,,,00102-055-4,34
,,,,,,,00102-055-4,34
,,,,,,,00102-055-4,34
,,,,,,,00102-055-4,34
,,,,,,,00102-055-4,34
,,,,,,,00102-055-4,34
,,,,,,,00102-055-4,34
,,,,,,,00102-055-4,34
,,,,,,,00102-055-4,34
,,,,,,,00102-055-4,34
,,,,,,,00102-055-4,34
,,,,,,,00102-055-4,34
,,,,,,,00102-055-4,34
,,,,,,,00102-055-4,34
,,,,,,,00102-055-4,34
,,,,,,,00102-055-4,34
,,,,,,,00102-055-4,34
,,,,,,,00102-055-4,34
,,,,,,,00102-055-4,34
,,,,,,,00102-055-4,34
,,,,,,,00102-055-4,34
,,,,,,,00102-055-4,34
,,,,,,,00102-055-4,34
,,,,,,,00102-055-4,34
,,,,,,,00102-055-4,34
,,,,,,,00102-055-4,34
,,,,,,,00102-055-4,34
,,,,,,,00102-055-4,34
,,,,,,,00102-055-4,34
,,,,,,,00102-055-4,34
,,,,,,,00102-055-4,34
,,,,,,,00102-055-4,34
,,,,,,,00102-055-4,34
,,,,,,,00102-055-4,34
,,,,,,,00102-055-4,34
,,,,,,,00102-060-4,35
,,,,,,,00102-060-4,35
,,,,,,,00102-060-4,35
,,,,,,,00102-080-4,36
,,,,,,,00102-080-4,36
,,,,,,,00102-080-4,36
,,,,,,,00102-080-4,36
,,,,,,,00102-080-4,36
,,,,,,,00102-080-4,36
,,,,,,,00102-080-4,36
,,,,,,,00102-080-4,36
,,,,,,,00102-080-4,36
,,,,,,,00102-080-4,36
,,,,,,,00102-080-4,36
,,,,,,,00102-080-4,36
,,,,,,,00102-080-4,36
,,,,,,,00102-080-4,36
,,,,,,,00102-080-4,36
,,,,,,,00102-080-4,36
,,,,,,,00102-080-4,36
,,,,,,,00102-100-4,37
,,,,,,,00102-100-4,37
,,,,,,,00102-100-4,37
,,,,,,,00102-100-4,37
,,,,,,,00102-100-4,37
,,,,,,,00102-100-4,37
,,,,,,,00102-100-4,37
,,,,,,,00102-100-4,37
,,,,,,,00102-100-4,37
,,,,,,,00102-100-4,37
,,,,,,,00102-100-4,37
,,,,,,,00102-100-4,37
,,,,,,,00102-100-4,37
,,,,,,,00102-100-4,37
,,,,,,,00102-100-4,37
,,,,,,,00102-100-4,37
,,,,,,,00102-100-4,37
,,,,,,,00102-100-4,37
,,,,,,,00102-100-4,37
,,,,,,,00102-100-4,37
,,,,,,,00102-100-4,37
,,,,,,,00102-100-4,37
,,,,,,,00102-120-4,38
,,,,,,,00102-120-4,38
,,,,,,,00102-120-4,38
,,,,,,,00102-120-4,38
,,,,,,,00102-120-4,38
,,,,,,,00102-120-4,38
,,,,,,,00102-120-4,38
,,,,,,,00102-120-4,38
,,,,,,,00102-120-4,38
,,,,,,,00102-120-4,38
,,,,,,,00102-120-4,38
,,,,,,,00102-120-4,38
,,,,,,,00102-120-4,38
,,,,,,,00103-030-4,39
,,,,,,,00103-030-4,39
,,,,,,,00103-030-4,39
,,,,,,,00103-030-4,39
,,,,,,,00103-030-4,39
,,,,,,,00103-030-4,39
,,,,,,,00103-030-4,39
,,,,,,,00103-030-4,39
,,,,,,,00103-030-4,39
,,,,,,,00103-037-4,40
,,,,,,,00103-037-4,40
,,,,,,,00103-037-4,40
,,,,,,,00103-040-4,41
,,,,,,,00103-040-4,41
,,,,,,,00103-040-4,41
,,,,,,,00103-040-4,41
,,,,,,,00103-040-4,41
,,,,,,,00103-040-4,41
,,,,,,,00103-040-4,41
,,,,,,,00103-040-4,41
,,,,,,,00103-050-4,42
,,,,,,,00103-050-4,42
,,,,,,,00103-050-4,42
,,,,,,,00103-050-4,42
,,,,,,,00103-050-4,42
,,,,,,,00103-050-4,42
,,,,,,,00103-050-4,42
,,,,,,,00103-050-4,42
,,,,,,,00103-050-4,42
,,,,,,,00103-050-4,42
,,,,,,,00103-050-4,42
,,,,,,,00103-050-4,42
,,,,,,,00103-050-4,42
,,,,,,,00103-050-4,42
,,,,,,,00103-050-4,42
,,,,,,,00103-050-4,42
,,,,,,,00103-050-4,42
,,,,,,,00103-050-4,42
,,,,,,,00103-055-0,43
,,,,,,,00103-055-0,43
,,,,,,,00103-055-0,43
,,,,,,,00103-055-1,44
,,,,,,,00103-055-1,44
,,,,,,,00103-055-1,44
,,,,,,,00103-055-1,44
,,,,,,,00103-055-1,44
,,,,,,,00103-055-1,44
,,,,,,,00103-055-1,44
,,,,,,,00103-055-4,45
,,,,,,,00103-055-4,45
,,,,,,,00103-055-4,45
,,,,,,,00103-055-4,45
,,,,,,,00103-055-4,45
,,,,,,,00103-055-4,45
,,,,,,,00103-055-4,45
,,,,,,,00103-055-4,45
,,,,,,,00103-055-4,45
,,,,,,,00103-055-4,45
,,,,,,,00103-055-4,45
,,,,,,,00103-055-4,45
,,,,,,,00103-055-4,45
,,,,,,,00103-055-4,45
,,,,,,,00103-055-4,45
,,,,,,,00103-055-4,45
,,,,,,,00103-055-4,45
,,,,,,,00103-055-4,45
,,,,,,,00103-055-4,45
,,,,,,,00103-055-4,45
,,,,,,,00103-055-4,45
,,,,,,,00103-055-4,45
,,,,,,,00103-055-4,45
,,,,,,,00103-055-4,45
,,,,,,,00103-055-4,45
,,,,,,,00103-055-4,45
,,,,,,,00103-055-4,45
,,,,,,,00103-055-4,45
,,,,,,,00103-055-4,45
,,,,,,,00103-055-4,45
,,,,,,,00103-055-4,45
,,,,,,,00103-055-4,45
,,,,,,,00103-055-4,45
,,,,,,,00103-055-4,45
,,,,,,,00103-055-4,45
,,,,,,,00103-055-4,45
,,,,,,,00103-055-4,45
,,,,,,,00103-055-4,45
,,,,,,,00103-055-4,45
,,,,,,,00103-055-4,45
,,,,,,,00103-055-4,45
,,,,,,,00103-055-4,45
,,,,,,,00103-055-4,45
,,,,,,,00103-055-4,45
,,,,,,,00103-055-4,45
,,,,,,,00103-055-4,45
,,,,,,,00103-055-4,45
,,,,,,,00103-055-4,45
,,,,,,,00103-055-4,45
,,,,,,,00103-055-4,45
,,,,,,,00103-055-4,45
,,,,,,,00103-055-4,45
,,,,,,,00103-055-4,45
,,,,,,,00103-055-4,45
,,,,,,,00103-055-4,45
,,,,,,,00103-055-4,45
,,,,,,,00103-055-4,45
,,,,,,,00103-055-4,45
,,,,,,,00103-055-4,45
,,,,,,,00103-055-4,45
,,,,,,,00103-055-4,45
,,,,,,,00103-055-4,45
,,,,,,,00103-055-4,45
,,,,,,,00103-055-4,45
,,,,,,,00103-055-4,45
,,,,,,,00103-055-4,45
,,,,,,,00103-055-4,45
,,,,,,,00103-055-4,45
,,,,,,,00103-055-4,45
,,,,,,,00103-055-4,45
,,,,,,,00103-055-4,45
,,,,,,,00103-055-4,45
,,,,,,,00103-055-4,45
,,,,,,,00103-055-4,45
,,,,,,,00103-055-4,45
,,,,,,,00103-055-4,45
,,,,,,,00103-055-4,45
,,,,,,,00103-055-4,45
,,,,,,,00103-055-4,45
,,,,,,,00103-055-4,45
,,,,,,,00103-055-4,45
,,,,,,,00103-055-4,45
,,,,,,,00103-055-4,45
,,,,,,,00103-055-4,45
,,,,,,,00103-055-4,45
,,,,,,,00103-055-4,45
,,,,,,,00103-055-4,45
,,,,,,,00103-055-4,45
,,,,,,,00103-055-4,45
,,,,,,,00103-055-4,45
,,,,,,,00103-055-4,45
,,,,,,,00103-055-4,45
,,,,,,,00103-055-4,45
,,,,,,,00103-055-4,45
,,,,,,,00103-060-4,46
,,,,,,,00103-060-4,46
,,,,,,,00103-060-4,46
,,,,,,,00103-060-4,46
,,,,,,,00103-060-4,46
,,,,,,,00103-060-4,46
,,,,,,,00103-060-4,46
,,,,,,,00103-060-4,46
,,,,,,,00103-060-4,46
,,,,,,,00103-060-4,46
,,,,,,,00103-060-4,46
,,,,,,,00103-060-4,46
,,,,,,,00103-080-4,47
,,,,,,,00103-080-4,47
,,,,,,,00103-080-4,47
,,,,,,,00103-080-4,47
,,,,,,,00103-080-4,47
,,,,,,,00103-080-4,47
,,,,,,,00103-080-4,47
,,,,,,,00103-080-4,47
,,,,,,,00103-080-4,47
,,,,,,,00103-080-4,47
,,,,,,,00103-080-4,47
,,,,,,,00103-080-4,47
,,,,,,,00103-080-4,47
,,,,,,,00103-080-4,47
,,,,,,,00103-080-4,47
,,,,,,,00103-080-4,47
,,,,,,,00103-080-4,47
,,,,,,,00103-080-4,47
,,,,,,,00103-080-4,47
,,,,,,,00103-080-4,47
,,,,,,,00103-080-4,47
,,,,,,,00103-080-4,47
,,,,,,,00103-080-4,47
,,,,,,,00103-080-4,47
,,,,,,,00103-100-4,48
,,,,,,,00103-100-4,48
,,,,,,,00103-100-4,48
,,,,,,,00103-100-4,48
,,,,,,,00103-100-4,48
,,,,,,,00103-100-4,48
,,,,,,,00103-100-4,48
,,,,,,,00103-100-4,48
,,,,,,,00103-100-4,48
,,,,,,,00103-100-4,48
,,,,,,,00103-100-4,48
,,,,,,,00103-100-4,48
,,,,,,,00103-100-4,48
,,,,,,,00103-100-4,48
,,,,,,,00103-100-4,48
,,,,,,,00103-100-4,48
,,,,,,,00103-100-4,48
,,,,,,,00103-100-4,48
,,,,,,,00103-100-4,48
,,,,,,,00103-100-4,48
,,,,,,,00103-100-4,48
,,,,,,,00103-100-4,48
,,,,,,,00103-100-4,48
,,,,,,,00103-100-4,48
,,,,,,,00103-100-4,48
,,,,,,,00103-100-4,48
,,,,,,,00103-120-4,49
,,,,,,,00103-120-4,49
,,,,,,,00103-120-4,49
,,,,,,,00103-120-4,49
,,,,,,,00103-120-4,49
,,,,,,,00103-120-4,49
,,,,,,,00103-120-4,49
,,,,,,,00104-055-4,50
,,,,,,,00104-055-4,50
,,,,,,,00104-055-4,50
,,,,,,,00104-055-4,50
,,,,,,,00104-055-4,50
,,,,,,,00104-055-4,50
,,,,,,,00104-055-4,50
,,,,,,,00104-055-4,50
,,,,,,,00104-055-4,50
,,,,,,,00104-055-4,50
,,,,,,,00104-055-4,50
,,,,,,,00104-055-4,50
,,,,,,,00104-055-4,50
,,,,,,,00104-055-4,50
,,,,,,,00104-055-4,50
,,,,,,,00104-055-4,50
,,,,,,,00104-055-4,50
,,,,,,,00104-055-4,50
,,,,,,,00104-055-4,50
,,,,,,,00104-055-4,50
,,,,,,,00104-055-4,50
,,,,,,,00104-055-4,50
,,,,,,,00104-055-4,50
,,,,,,,00104-055-4,50
,,,,,,,00104-055-4,50
,,,,,,,00104-055-4,50
,,,,,,,00104-055-4,50
,,,,,,,00104-055-4,50
,,,,,,,00104-055-4,50
,,,,,,,00104-055-4,50
,,,,,,,00104-080-4,51
,,,,,,,00104-080-4,51
,,,,,,,00104-080-4,51
,,,,,,,00104-080-4,51
,,,,,,,00104-080-4,51
,,,,,,,00104-080-4,51
,,,,,,,00104-080-4,51
,,,,,,,00104-080-4,51
,,,,,,,00104-080-4,51
,,,,,,,00104-080-4,51
,,,,,,,00104-080-4,51
,,,,,,,00104-080-4,51
,,,,,,,00104-080-4,51
,,,,,,,00104-100-4,52
,,,,,,,00104-100-4,52
,,,,,,,00104-100-4,52
,,,,,,,00104-100-4,52
,,,,,,,00104-100-4,52
,,,,,,,00104-100-4,52
,,,,,,,00104-100-4,52
,,,,,,,00104-100-4,52
,,,,,,,00104-100-4,52
,,,,,,,00104-100-4,52
,,,,,,,00104-120-4,53
,,,,,,,00104-120-4,53
,,,,,,,00104-120-4,53
,,,,,,,00104-120-4,53
,,,,,,,00104-120-4,53
,,,,,,,00105-050-4,54
,,,,,,,00105-053-4,56
,,,,,,,00105-053-4,56
,,,,,,,00105-053-4,56
,,,,,,,00105-053-4,56
,,,,,,,00105-055-4,57
,,,,,,,00105-055-4,57
,,,,,,,00105-055-4,57
,,,,,,,00105-055-4,57
,,,,,,,00105-055-4,57
,,,,,,,00105-055-4,57
,,,,,,,00105-055-4,57
,,,,,,,00105-055-4,57
,,,,,,,00105-055-4,57
,,,,,,,00105-055-4,57
,,,,,,,00105-055-4,57
,,,,,,,00105-055-4,57
,,,,,,,00105-055-4,57
,,,,,,,00105-055-4,57
,,,,,,,00105-055-4,57
,,,,,,,00105-055-4,57
,,,,,,,00105-055-4,57
,,,,,,,00105-055-4,57
,,,,,,,00105-055-4,57
,,,,,,,00105-055-4,57
,,,,,,,00105-055-4,57
,,,,,,,00105-055-4,57
,,,,,,,00105-055-4,57
,,,,,,,00105-055-4,57
,,,,,,,00105-055-4,57
,,,,,,,00105-055-4,57
,,,,,,,00105-055-4,57
,,,,,,,00105-055-4,57
,,,,,,,00105-055-4,57
,,,,,,,00106-055-1,58
,,,,,,,00106-055-4,59
,,,,,,,00106-055-4,59
,,,,,,,00106-055-4,59
,,,,,,,00106-055-4,59
,,,,,,,00106-055-4,59
,,,,,,,00106-055-4,59
,,,,,,,00106-055-4,59
,,,,,,,00106-055-4,59
,,,,,,,00106-055-4,59
,,,,,,,00106-055-4,59
,,,,,,,00106-055-4,59
,,,,,,,00106-055-4,59
,,,,,,,00106-055-4,59
,,,,,,,00106-055-4,59
,,,,,,,00106-055-4,59
,,,,,,,00106-055-4,59
,,,,,,,00106-060-4,60
,,,,,,,00106-060-4,60
,,,,,,,00106-060-4,60
,,,,,,,00106-080-4,61
,,,,,,,00106-080-4,61
,,,,,,,00106-080-4,61
,,,,,,,00106-080-4,61
,,,,,,,00106-080-4,61
,,,,,,,00106-080-4,61
,,,,,,,00106-080-4,61
,,,,,,,00106-080-4,61
,,,,,,,00106-080-4,61
,,,,,,,00106-100-4,62
,,,,,,,00106-100-4,62
,,,,,,,00106-100-4,62
,,,,,,,00106-100-4,62
,,,,,,,00106-100-4,62
,,,,,,,00106-100-4,62
,,,,,,,00106-100-4,62
,,,,,,,00106-100-4,62
,,,,,,,00106-100-4,62
,,,,,,,00107-050-4,64
,,,,,,,00107-050-4,64
,,,,,,,00107-050-4,64
,,,,,,,00107-053-4,66
,,,,,,,00107-053-4,66
,,,,,,,00107-053-4,66
,,,,,,,00107-053-4,66
,,,,,,,00107-053-4,66
,,,,,,,00107-055-4,67
,,,,,,,00107-055-4,67
,,,,,,,00107-055-4,67
,,,,,,,00107-055-4,67
,,,,,,,00107-055-4,67
,,,,,,,00107-055-4,67
,,,,,,,00107-055-4,67
,,,,,,,00107-055-4,67
,,,,,,,00107-055-4,67
,,,,,,,00107-055-4,67
,,,,,,,00107-060-4,68
,,,,,,,00107-060-4,68
,,,,,,,00107-060-4,68
,,,,,,,00108-060-4,70
,,,,,,,00108-060-4,70
,,,,,,,00108-060-4,70
,,,,,,,00108-060-4,70
,,,,,,,00108-060-4,70
,,,,,,,00108-060-4,70
,,,,,,,00109-055-4,71
,,,,,,,00109-055-4,71
,,,,,,,00109-055-4,71
,,,,,,,00109-055-4,71
,,,,,,,00109-055-4,71
,,,,,,,00111-060-4,72
,,,,,,,00111-060-4,72
,,,,,,,00111-060-4,72
,,,,,,,01101-055-4,73
,,,,,,,01101-055-4,73
,,,,,,,01101-055-4,73
,,,,,,,01101-055-4,73
,,,,,,,01101-055-4,73
,,,,,,,01101-055-4,73
,,,,,,,01101-055-4,73
,,,,,,,01101-055-4,73
,,,,,,,01101-055-4,73
,,,,,,,01101-060-4,74
,,,,,,,01101-060-4,74
,,,,,,,01101-060-4,74
,,,,,,,01101-060-4,74
,,,,,,,01101-060-4,74
,,,,,,,01101-060-4,74
,,,,,,,01101-060-4,74
,,,,,,,01101-080-4,75
,,,,,,,01101-080-4,75
,,,,,,,01101-080-4,75
,,,,,,,01101-080-4,75
,,,,,,,01101-080-4,75
,,,,,,,01101-080-4,75
,,,,,,,01101-080-4,75
,,,,,,,01101-080-4,75
,,,,,,,01101-080-4,75
,,,,,,,01101-080-4,75
,,,,,,,01101-080-4,75
,,,,,,,01102-040-4,76
,,,,,,,01102-040-4,76
,,,,,,,01102-040-4,76
,,,,,,,01102-053-4,77
,,,,,,,01102-053-4,77
,,,,,,,01102-053-4,77
,,,,,,,01102-055-4,78
,,,,,,,01102-055-4,78
,,,,,,,01102-055-4,78
,,,,,,,01102-055-4,78
,,,,,,,01102-055-4,78
,,,,,,,01102-055-4,78
,,,,,,,01102-055-4,78
,,,,,,,01102-055-4,78
,,,,,,,01102-055-4,78
,,,,,,,01102-055-4,78
,,,,,,,01102-055-4,78
,,,,,,,01102-055-4,78
,,,,,,,01102-055-4,78
,,,,,,,01102-055-4,78
,,,,,,,01102-055-4,78
,,,,,,,01102-055-4,78
,,,,,,,01102-055-4,78
,,,,,,,01102-060-4,79
,,,,,,,01102-060-4,79
,,,,,,,01102-060-4,79
,,,,,,,01102-060-4,79
,,,,,,,01102-060-4,79
,,,,,,,01102-080-4,80
,,,,,,,01102-080-4,80
,,,,,,,01102-080-4,80
,,,,,,,01102-080-4,80
,,,,,,,01102-080-4,80
,,,,,,,01102-080-4,80
,,,,,,,01102-100-4,81
,,,,,,,01102-100-4,81
,,,,,,,01102-100-4,81
,,,,,,,01102-100-4,81
,,,,,,,01102-100-4,81
,,,,,,,01103-040-4,83
,,,,,,,01103-040-4,83
,,,,,,,01103-040-4,83
,,,,,,,01103-040-4,83
,,,,,,,01103-040-4,83
,,,,,,,01103-040-4,83
,,,,,,,01103-050-4,85
,,,,,,,01103-050-4,85
,,,,,,,01103-050-4,85
,,,,,,,01103-053-4,86
,,,,,,,01103-053-4,86
,,,,,,,01103-053-4,86
,,,,,,,01103-055-4,87
,,,,,,,01103-055-4,87
,,,,,,,01103-055-4,87
,,,,,,,01103-055-4,87
,,,,,,,01103-055-4,87
,,,,,,,01103-055-4,87
,,,,,,,01103-055-4,87
,,,,,,,01103-055-4,87
,,,,,,,01103-055-4,87
,,,,,,,01103-055-4,87
,,,,,,,01103-055-4,87
,,,,,,,01103-055-4,87
,,,,,,,01103-055-4,87
,,,,,,,01103-055-4,87
,,,,,,,01103-055-4,87
,,,,,,,01103-055-4,87
,,,,,,,01103-055-4,87
,,,,,,,01103-055-4,87
,,,,,,,01103-055-4,87
,,,,,,,01103-055-4,87
,,,,,,,01103-055-4,87
,,,,,,,01103-055-4,87
,,,,,,,01103-055-4,87
,,,,,,,01103-055-4,87
,,,,,,,01103-055-4,87
,,,,,,,01103-055-4,87
,,,,,,,01103-055-4,87
,,,,,,,01103-055-4,87
,,,,,,,01103-055-4,87
,,,,,,,01103-055-4,87
,,,,,,,01103-060-4,88
,,,,,,,01103-060-4,88
,,,,,,,01103-060-4,88
,,,,,,,01103-060-4,88
,,,,,,,01103-060-4,88
,,,,,,,01103-080-4,89
,,,,,,,01103-080-4,89
,,,,,,,01103-080-4,89
,,,,,,,01103-080-4,89
,,,,,,,01103-080-4,89
,,,,,,,01103-080-4,89
,,,,,,,01103-080-4,89
,,,,,,,01103-100-4,90
,,,,,,,01103-100-4,90
,,,,,,,01103-100-4,90
,,,,,,,01103-100-4,90
,,,,,,,01103-100-4,90
,,,,,,,01104-055-4,91
,,,,,,,01104-055-4,91
,,,,,,,01104-055-4,91
,,,,,,,01104-055-4,91
,,,,,,,01104-055-4,91
,,,,,,,01104-060-4,92
,,,,,,,01104-060-4,92
,,,,,,,01104-060-4,92
,,,,,,,01104-060-4,92
,,,,,,,01104-080-4,93
,,,,,,,01104-080-4,93
,,,,,,,01104-080-4,93
,,,,,,,01104-080-4,93
,,,,,,,01104-080-4,93
,,,,,,,01104-080-4,93
,,,,,,,01105-040-4,94
,,,,,,,01105-040-4,94
,,,,,,,01105-040-4,94
,,,,,,,01105-040-4,94
,,,,,,,01105-040-4,94
,,,,,,,01105-050-4,95
,,,,,,,01105-053-4,97
,,,,,,,01105-053-4,97
,,,,,,,01105-053-4,97
,,,,,,,01105-053-4,97
,,,,,,,01105-053-4,97
,,,,,,,01105-055-4,98
,,,,,,,01105-055-4,98
,,,,,,,01105-055-4,98
,,,,,,,01105-055-4,98
,,,,,,,01105-055-4,98
,,,,,,,01105-055-4,98
,,,,,,,01105-055-4,98
,,,,,,,01105-055-4,98
,,,,,,,01105-055-4,98
,,,,,,,01105-055-4,98
,,,,,,,01105-055-4,98
,,,,,,,01105-055-4,98
,,,,,,,01105-055-4,98
,,,,,,,01105-055-4,98
,,,,,,,01105-055-4,98
,,,,,,,01105-055-4,98
,,,,,,,01105-055-4,98
,,,,,,,01105-055-4,98
,,,,,,,01106-055-4,99
,,,,,,,01106-055-4,99
,,,,,,,01106-055-4,99
,,,,,,,01106-055-4,99
,,,,,,,01106-055-4,99
,,,,,,,01106-055-4,99
,,,,,,,01106-055-4,99
,,,,,,,01106-055-4,99
,,,,,,,01106-060-4,100
,,,,,,,01106-060-4,100
,,,,,,,01106-060-4,100
,,,,,,,01106-080-4,101
,,,,,,,01106-080-4,101
,,,,,,,01106-080-4,101
,,,,,,,01106-080-4,101
,,,,,,,01106-080-4,101
,,,,,,,01106-080-4,101
,,,,,,,01107-050-4,102
,,,,,,,01107-050-4,102
,,,,,,,01107-050-4,102
,,,,,,,01107-053-4,104
,,,,,,,01107-053-4,104
,,,,,,,01107-053-4,104
,,,,,,,01107-053-4,104
,,,,,,,01107-053-4,104
,,,,,,,01107-055-4,105
,,,,,,,01107-055-4,105
,,,,,,,01107-055-4,105
,,,,,,,01107-055-4,105
,,,,,,,01107-055-4,105
,,,,,,,01107-055-4,105
,,,,,,,01107-055-4,105
,,,,,,,01107-055-4,105
,,,,,,,01107-055-4,105
,,,,,,,01107-055-4,105
,,,,,,,01107-055-4,105
,,,,,,,01107-060-4,106
,,,,,,,01107-060-4,106
,,,,,,,01111-060-4,107
,,,,,,,01111-060-4,107
,,,,,,,01111-060-4,107
,,,,,,,01111-060-4,107
,,,,,,,01111-060-4,107
,,,,,,,01114-060-4,108
,,,,,,,01114-060-4,108
,,,,,,,01114-060-4,108
,,,,,,,01114-060-4,108
,,,,,,,01114-060-4,108
,,,,,,,01201-060-0,109
,,,,,,,01201-060-0,109
,,,,,,,01201-060-0,109
,,,,,,,01201-060-0,109
,,,,,,,01201-060-0,109
,,,,,,,01201-060-0,109
,,,,,,,01201-060-0,109
,,,,,,,01201-060-0,109
,,,,,,,01201-060-0,109
,,,,,,,01201-060-1,112
,,,,,,,01201-060-1,112
,,,,,,,01201-060-1,112
,,,,,,,01201-060-1,112
,,,,,,,01201-060-1,112
,,,,,,,01201-060-1,112
,,,,,,,01201-060-1,112
,,,,,,,01201-060-1,112
,,,,,,,01201-060-1,112
,,,,,,,01201-060-1,112
,,,,,,,01201-060-1,112
,,,,,,,01201-060-1,112
,,,,,,,01201-060-1,112
,,,,,,,01201-060-1,112
,,,,,,,01201-060-1,112
,,,,,,,01201-060-1,112
,,,,,,,01201-080-0,113
,,,,,,,01201-080-1,115
,,,,,,,01201-080-1,115
,,,,,,,01201-080-1,115
,,,,,,,01201-080-1,115
,,,,,,,01201-080-1,115
,,,,,,,01201-080-1,115
,,,,,,,01201-080-1,115
,,,,,,,01201-080-1,115
,,,,,,,01201-080-1,115
,,,,,,,01201-080-1,115
,,,,,,,01201-080-1,115
,,,,,,,01201-080-1,115
,,,,,,,01201-080-1,115
,,,,,,,01201-080-1,115
,,,,,,,01201-080-1,115
,,,,,,,01201-100-1,117
,,,,,,,01201-100-1,117
,,,,,,,01201-100-1,117
,,,,,,,02101-055-4,118
,,,,,,,02101-055-4,118
,,,,,,,02101-055-4,118
,,,,,,,02101-060-4,119
,,,,,,,02101-060-4,119
,,,,,,,02101-060-4,119
,,,,,,,02101-060-4,119
,,,,,,,02101-060-4,119
,,,,,,,02101-060-4,119
,,,,,,,02101-060-4,119
,,,,,,,02101-060-4,119
,,,,,,,02101-060-4,119
,,,,,,,02101-060-4,119
,,,,,,,02101-060-4,119
,,,,,,,02101-060-4,119
,,,,,,,02101-060-4,119
,,,,,,,02101-060-4,119
,,,,,,,02101-060-4,119
,,,,,,,02101-060-4,119
,,,,,,,02101-060-4,119
,,,,,,,02101-060-4,119
,,,,,,,02101-060-4,119
,,,,,,,02101-060-4,119
,,,,,,,02101-060-4,119
,,,,,,,02101-060-4,119
,,,,,,,02101-060-4,119
,,,,,,,02101-060-4,119
,,,,,,,02101-060-4,119
,,,,,,,02101-060-4,119
,,,,,,,02101-060-4,119
,,,,,,,02101-060-5,120
,,,,,,,02101-060-5,120
,,,,,,,02101-060-5,120
,,,,,,,02101-060-6,121
,,,,,,,02101-060-7,122
,,,,,,,02102-060-4,123
,,,,,,,02102-060-4,123
,,,,,,,02102-060-4,123
,,,,,,,02102-060-4,123
,,,,,,,02102-060-4,123
,,,,,,,02102-060-4,123
,,,,,,,02102-060-4,123
,,,,,,,02102-060-4,123
,,,,,,,02102-060-4,123
,,,,,,,02103-060-4,124
,,,,,,,02103-060-4,124
,,,,,,,02103-060-4,124
,,,,,,,02103-060-4,124
,,,,,,,02103-060-4,124
,,,,,,,02103-060-4,124
,,,,,,,02103-060-4,124
,,,,,,,02103-060-4,124
,,,,,,,02103-060-4,124
,,,,,,,02103-060-4,124
,,,,,,,02103-060-4,124
,,,,,,,02103-060-4,124
,,,,,,,02103-060-4,124
,,,,,,,02103-060-4,124
,,,,,,,02103-060-4,124
,,,,,,,02103-060-4,124
,,,,,,,02103-060-4,124
,,,,,,,02104-060-4,125
,,,,,,,02104-060-4,125
,,,,,,,02104-060-4,125
,,,,,,,02106-060-4,126
,,,,,,,02113-060-4,127
,,,,,,,02201-040-0,128
,,,,,,,02201-040-0,128
,,,,,,,02201-040-0,128
,,,,,,,02201-040-0,128
,,,,,,,02201-040-0,128
,,,,,,,02201-055-0,129
,,,,,,,02201-055-0,129
,,,,,,,02201-055-0,129
,,,,,,,02201-055-0,129
,,,,,,,02201-055-0,129
,,,,,,,02201-055-0,129
,,,,,,,02201-055-0,129
,,,,,,,02201-055-0,129
,,,,,,,02201-055-0,129
,,,,,,,02201-055-0,129
,,,,,,,02201-055-0,129
,,,,,,,02201-055-0,129
,,,,,,,02201-055-0,129
,,,,,,,02201-055-0,129
,,,,,,,02201-055-0,129
,,,,,,,02201-055-0,129
,,,,,,,02201-055-0,129
,,,,,,,02201-055-0,129
,,,,,,,02201-055-0,129
,,,,,,,02201-055-0,129
,,,,,,,02201-080-0,130
,,,,,,,02201-080-0,130
,,,,,,,02201-080-0,130
,,,,,,,02201-080-0,130
,,,,,,,02201-080-0,130
,,,,,,,02201-080-0,130
,,,,,,,02201-080-0,130
,,,,,,,02201-080-0,130
,,,,,,,02201-080-0,130
,,,,,,,02201-080-0,130
,,,,,,,02201-080-0,130
,,,,,,,02201-100-0,131
,,,,,,,02201-100-0,131
,,,,,,,02201-100-0,131
,,,,,,,02201-100-0,131
,,,,,,,02201-100-0,131
,,,,,,,02201-100-0,131
,,,,,,,02201-100-0,131
,,,,,,,02202-050-0,132
,,,,,,,02202-050-0,132
,,,,,,,02202-050-0,132
,,,,,,,02202-050-0,132
,,,,,,,02202-050-0,132
,,,,,,,02202-050-0,132
,,,,,,,02202-050-0,132
,,,,,,,02202-050-0,132
,,,,,,,02202-050-0,132
,,,,,,,02202-053-0,133
,,,,,,,02202-053-0,133
,,,,,,,02202-053-0,133
,,,,,,,02202-053-0,133
,,,,,,,02202-055-0,134
,,,,,,,02202-055-0,134
,,,,,,,02202-055-0,134
,,,,,,,02203-055-0,135
,,,,,,,02203-055-0,135
,,,,,,,02203-055-0,135
,,,,,,,02203-055-0,135
,,,,,,,02203-055-0,135
,,,,,,,02203-055-0,135
,,,,,,,02203-055-0,135
,,,,,,,02203-055-0,135
,,,,,,,02203-055-0,135
,,,,,,,02203-055-0,135
,,,,,,,02203-055-0,135
,,,,,,,02203-055-0,135
,,,,,,,02203-055-0,135
,,,,,,,02203-055-0,135
,,,,,,,02203-055-0,135
,,,,,,,02203-055-0,135
,,,,,,,02203-055-0,135
,,,,,,,02205-055-0,136
,,,,,,,02205-055-0,136
,,,,,,,02310-040-0,137
,,,,,,,02310-040-0,137
,,,,,,,02310-040-0,137
,,,,,,,02310-040-0,137
,,,,,,,02310-040-0,137
,,,,,,,02310-040-0,137
,,,,,,,02310-040-0,137
,,,,,,,02310-040-0,137
,,,,,,,02310-040-0,137
,,,,,,,02310-040-0,137
,,,,,,,02310-060-0,138
,,,,,,,02310-060-0,138
,,,,,,,02310-060-0,138
,,,,,,,02310-060-0,138
,,,,,,,02310-060-0,138
,,,,,,,02310-060-0,138
,,,,,,,02310-060-0,138
,,,,,,,02310-060-0,138
,,,,,,,02310-060-0,138
,,,,,,,02310-060-0,138
,,,,,,,02310-060-0,138
,,,,,,,02310-060-0,138
,,,,,,,02310-060-0,138
,,,,,,,02310-060-0,138
,,,,,,,02310-060-0,138
,,,,,,,02310-060-0,138
,,,,,,,02310-060-0,138
,,,,,,,02310-060-0,138
,,,,,,,02310-060-0,138
,,,,,,,02310-080-0,139
,,,,,,,02310-080-0,139
,,,,,,,02310-080-0,139
,,,,,,,02310-080-0,139
,,,,,,,02310-080-0,139
,,,,,,,02310-080-0,139
,,,,,,,02310-080-0,139
,,,,,,,02310-080-0,139
,,,,,,,02310-080-0,139
,,,,,,,02310-080-0,139
,,,,,,,02310-080-0,139
,,,,,,,02310-080-0,139
,,,,,,,02310-080-0,139
,,,,,,,02310-100-0,140
,,,,,,,02310-100-0,140
,,,,,,,02310-100-0,140
,,,,,,,02310-100-0,140
,,,,,,,02310-100-0,140
,,,,,,,02310-100-0,140
,,,,,,,02310-100-0,140
,,,,,,,02310-100-0,140
,,,,,,,02310-100-0,140
,,,,,,,02310-100-0,140
,,,,,,,02310-100-0,140
,,,,,,,02310-100-0,140
,,,,,,,02310-120-0,141
,,,,,,,02310-120-0,141
,,,,,,,02310-120-0,141
,,,,,,,02410-030-0,142
,,,,,,,02410-040-0,143
,,,,,,,02410-040-0,143
,,,,,,,02410-040-0,143
,,,,,,,02410-040-0,143
,,,,,,,02410-040-0,143
,,,,,,,02410-040-0,143
,,,,,,,02410-040-0,143
,,,,,,,02410-040-0,143
,,,,,,,02410-040-0,143
,,,,,,,02410-050-0,144
,,,,,,,02410-060-0,145
,,,,,,,02410-060-0,145
,,,,,,,02410-060-0,145
,,,,,,,02410-060-0,145
,,,,,,,02410-060-0,145
,,,,,,,02501-040-4,146
,,,,,,,02501-040-4,146
,,,,,,,02501-040-4,146
,,,,,,,03101-030-4,147
,,,,,,,03101-030-4,147
,,,,,,,03101-030-4,147
,,,,,,,03101-030-4,147
,,,,,,,03101-030-4,147
,,,,,,,03101-030-4,147
,,,,,,,03101-030-4,147
,,,,,,,03101-030-4,147
,,,,,,,03101-030-4,147
,,,,,,,03101-030-6,148
,,,,,,,03101-030-6,148
,,,,,,,03101-030-6,148
,,,,,,,03101-030-6,148
,,,,,,,03101-030-6,148
,,,,,,,03101-030-6,148
,,,,,,,03101-030-6,148
,,,,,,,03101-030-6,148
,,,,,,,03101-030-6,148
,,,,,,,03101-030-6,148
,,,,,,,03101-030-6,148
,,,,,,,03101-030-6,148
,,,,,,,03101-030-6,148
,,,,,,,03101-030-6,148
,,,,,,,03101-030-6,148
,,,,,,,03101-030-6,148
,,,,,,,03101-030-6,148
,,,,,,,03101-030-6,148
,,,,,,,03101-030-6,148
,,,,,,,03101-030-6,148
,,,,,,,03101-030-6,148
,,,,,,,03101-030-6,148
,,,,,,,03101-030-6,148
,,,,,,,03101-030-6,148
,,,,,,,03101-030-6,148
,,,,,,,03101-030-6,148
,,,,,,,03101-030-6,148
,,,,,,,03101-030-6,148
,,,,,,,03101-030-6,148
,,,,,,,03101-030-6,148
,,,,,,,03101-040-0,149
,,,,,,,03101-040-0,149
,,,,,,,03101-040-0,149
,,,,,,,03101-040-0,149
,,,,,,,03101-040-0,149
,,,,,,,03101-040-4,150
,,,,,,,03101-040-4,150
,,,,,,,03101-040-4,150
,,,,,,,03101-040-4,150
,,,,,,,03101-040-4,150
,,,,,,,03101-040-4,150
,,,,,,,03101-040-4,150
,,,,,,,03101-040-4,150
,,,,,,,03101-040-4,150
,,,,,,,03101-040-4,150
,,,,,,,03101-040-4,150
,,,,,,,03101-040-4,150
,,,,,,,03101-040-4,150
,,,,,,,03101-040-4,150
,,,,,,,03101-040-4,150
,,,,,,,03101-040-4,150
,,,,,,,03101-040-4,150
,,,,,,,03101-040-4,150
,,,,,,,03101-040-4,150
,,,,,,,03101-040-4,150
,,,,,,,03101-040-4,150
,,,,,,,03101-040-4,150
,,,,,,,03101-040-4,150
,,,,,,,03101-040-4,150
,,,,,,,03101-040-4,150
,,,,,,,03101-040-4,150
,,,,,,,03101-040-4,150
,,,,,,,03101-040-4,150
,,,,,,,03101-040-4,150
,,,,,,,03101-040-4,150
,,,,,,,03101-040-4,150
,,,,,,,03101-040-4,150
,,,,,,,03101-040-4,150
,,,,,,,03101-040-4,150
,,,,,,,03101-040-4,150
,,,,,,,03101-040-4,150
,,,,,,,03101-040-4,150
,,,,,,,03101-040-4,150
,,,,,,,03101-040-4,150
,,,,,,,03101-040-4,150
,,,,,,,03101-040-4,150
,,,,,,,03101-040-4,150
,,,,,,,03101-040-4,150
,,,,,,,03101-040-4,150
,,,,,,,03101-040-4,150
,,,,,,,03101-040-4,150
,,,,,,,03101-040-6,151
,,,,,,,03101-040-6,151
,,,,,,,03101-040-6,151
,,,,,,,03101-040-6,151
,,,,,,,03101-040-6,151
,,,,,,,03101-040-6,151
,,,,,,,03101-040-6,151
,,,,,,,03101-040-6,151
,,,,,,,03101-040-6,151
,,,,,,,03101-040-6,151
,,,,,,,03101-040-6,151
,,,,,,,03101-040-6,151
,,,,,,,03101-040-6,151
,,,,,,,03101-040-6,151
,,,,,,,03101-050-4,152
,,,,,,,03101-050-4,152
,,,,,,,03101-050-4,152
,,,,,,,03101-050-4,152
,,,,,,,03101-050-4,152
,,,,,,,03101-050-4,152
,,,,,,,03101-050-4,152
,,,,,,,03101-050-4,152
,,,,,,,03101-050-4,152
,,,,,,,03101-050-4,152
,,,,,,,03101-050-4,152
,,,,,,,03101-050-4,152
,,,,,,,03101-050-4,152
,,,,,,,03101-050-4,152
,,,,,,,03101-050-4,152
,,,,,,,03101-050-4,152
,,,,,,,03101-050-4,152
,,,,,,,03101-050-4,152
,,,,,,,03101-050-4,152
,,,,,,,03101-050-4,152
,,,,,,,03101-050-4,152
,,,,,,,03101-050-4,152
,,,,,,,03101-050-4,152
,,,,,,,03101-050-4,152
,,,,,,,03101-050-4,152
,,,,,,,03101-050-4,152
,,,,,,,03101-050-4,152
,,,,,,,03101-050-4,152
,,,,,,,03101-050-4,152
,,,,,,,03101-050-4,152
,,,,,,,03101-050-4,152
,,,,,,,03101-050-4,152
,,,,,,,03101-050-4,152
,,,,,,,03101-050-4,152
,,,,,,,03101-050-4,152
,,,,,,,03101-050-4,152
,,,,,,,03101-050-4,152
,,,,,,,03101-050-4,152
,,,,,,,03101-050-4,152
,,,,,,,03101-050-4,152
,,,,,,,03101-050-4,152
,,,,,,,03101-050-4,152
,,,,,,,03101-050-4,152
,,,,,,,03101-050-4,152
,,,,,,,03101-050-4,152
,,,,,,,03101-050-4,152
,,,,,,,03101-050-4,152
,,,,,,,03101-050-4,152
,,,,,,,03101-050-4,152
,,,,,,,03101-050-4,152
,,,,,,,03101-050-4,152
,,,,,,,03101-050-6,153
,,,,,,,03101-050-6,153
,,,,,,,03101-050-6,153
,,,,,,,03101-050-6,153
,,,,,,,03101-050-6,153
,,,,,,,03101-050-6,153
,,,,,,,03101-050-6,153
,,,,,,,03101-050-6,153
,,,,,,,03101-050-6,153
,,,,,,,03101-050-6,153
,,,,,,,03101-050-6,153
,,,,,,,03101-050-6,153
,,,,,,,03101-050-6,153
,,,,,,,03101-060-4,154
,,,,,,,03101-060-4,154
,,,,,,,03101-060-4,154
,,,,,,,03101-060-4,154
,,,,,,,03101-060-4,154
,,,,,,,03101-060-4,154
,,,,,,,03101-060-4,154
,,,,,,,03101-060-4,154
,,,,,,,03101-060-4,154
,,,,,,,03101-060-4,154
,,,,,,,03101-060-4,154
,,,,,,,03101-060-4,154
,,,,,,,03101-060-4,154
,,,,,,,03101-060-4,154
,,,,,,,03101-060-4,154
,,,,,,,03101-060-4,154
,,,,,,,03101-060-4,154
,,,,,,,03101-060-4,154
,,,,,,,03101-060-4,154
,,,,,,,03101-060-4,154
,,,,,,,03101-060-4,154
,,,,,,,03101-060-4,154
,,,,,,,03101-060-4,154
,,,,,,,03101-060-4,154
,,,,,,,03101-060-4,154
,,,,,,,03101-060-4,154
,,,,,,,03101-060-4,154
,,,,,,,03101-060-4,154
,,,,,,,03101-060-4,154
,,,,,,,03101-060-4,154
,,,,,,,03101-060-4,154
,,,,,,,03101-060-4,154
,,,,,,,03101-080-4,155
,,,,,,,03101-080-4,155
,,,,,,,03101-080-4,155
,,,,,,,03102-040-4,156
,,,,,,,03102-040-4,156
,,,,,,,03102-040-4,156
,,,,,,,03102-040-4,156
,,,,,,,03102-040-4,156
,,,,,,,03102-040-4,156
,,,,,,,03102-040-4,156
,,,,,,,03102-040-4,156
,,,,,,,03102-040-4,156
,,,,,,,03102-050-4,157
,,,,,,,03102-050-4,157
,,,,,,,03102-050-4,157
,,,,,,,03102-050-4,157
,,,,,,,03102-050-4,157
,,,,,,,03102-060-4,158
,,,,,,,03102-060-4,158
,,,,,,,03102-060-4,158
,,,,,,,03102-060-4,158
,,,,,,,03102-060-4,158
,,,,,,,03103-040-4,159
,,,,,,,03103-040-4,159
,,,,,,,03103-040-4,159
,,,,,,,03103-040-4,159
,,,,,,,03103-040-4,159
,,,,,,,03103-040-4,159
,,,,,,,03103-050-4,160
,,,,,,,03103-050-4,160
,,,,,,,03103-050-4,160
,,,,,,,03103-050-4,160
,,,,,,,03103-050-4,160
,,,,,,,03103-050-4,160
,,,,,,,03103-050-4,160
,,,,,,,03103-060-4,161
,,,,,,,03103-060-4,161
,,,,,,,03103-060-4,161
,,,,,,,03103-060-4,161
,,,,,,,03103-060-4,161
,,,,,,,03103-060-4,161
,,,,,,,03103-060-4,161
,,,,,,,03103-060-4,161
,,,,,,,03103-060-4,161
,,,,,,,03103-060-4,161
,,,,,,,03103-060-4,161
,,,,,,,03103-060-4,161
,,,,,,,03103-060-4,161
,,,,,,,03104-050-4,162
,,,,,,,03104-050-4,162
,,,,,,,03104-050-4,162
,,,,,,,03104-060-4,163
,,,,,,,03106-040-4,164
,,,,,,,03106-050-4,165
,,,,,,,03106-050-4,165
,,,,,,,03106-050-4,165
,,,,,,,03111-040-4,166
,,,,,,,03111-050-4,167
,,,,,,,03111-050-4,167
,,,,,,,03111-050-4,167
,,,,,,,03111-060-4,168
,,,,,,,03115-040-4,169
,,,,,,,03115-040-4,169
,,,,,,,03115-040-4,169
,,,,,,,03115-040-4,169
,,,,,,,03115-040-4,169
,,,,,,,03115-050-4,170
,,,,,,,03115-050-4,170
,,,,,,,03115-050-4,170
,,,,,,,03312-060-0,171
,,,,,,,03312-060-0,171
,,,,,,,03312-060-0,171
,,,,,,,03312-060-0,171
,,,,,,,03312-060-0,171
,,,,,,,03312-060-0,171
,,,,,,,03401-040-0,172
,,,,,,,03401-040-0,172
,,,,,,,03401-040-0,172
,,,,,,,03401-060-0,173
,,,,,,,03401-060-0,173
,,,,,,,03401-060-0,173
,,,,,,,03401-060-0,173
,,,,,,,03401-060-0,173
,,,,,,,03402-060-0,174
,,,,,,,03402-060-0,174
,,,,,,,03402-060-0,174
,,,,,,,03402-060-0,174
,,,,,,,03402-060-0,174
,,,,,,,03403-060-0,175
,,,,,,,03403-060-0,175
,,,,,,,03404-060-0,176
,,,,,,,03404-060-0,176
,,,,,,,03405-060-0,177
,,,,,,,03405-060-0,177
,,,,,,,03406-060-0,178
,,,,,,,03406-060-0,178
,,,,,,,03406-060-0,178
,,,,,,,03407-060-0,179
,,,,,,,03407-060-0,179
,,,,,,,04101-060-4,180
,,,,,,,04101-060-4,180
,,,,,,,04101-060-4,180
,,,,,,,04101-060-4,180
,,,,,,,04101-060-4,180
,,,,,,,04101-060-4,180
,,,,,,,04101-060-4,180
,,,,,,,04101-060-4,180
,,,,,,,04101-060-4,180
,,,,,,,04101-060-4,180
,,,,,,,04101-060-4,180
,,,,,,,04101-060-4,180
,,,,,,,04101-060-4,180
,,,,,,,04101-060-4,180
,,,,,,,04101-060-4,180
,,,,,,,04101-060-4,180
,,,,,,,04101-060-4,180
,,,,,,,04101-060-4,180
,,,,,,,04101-060-4,180
,,,,,,,04101-060-4,180
,,,,,,,04101-060-4,180
,,,,,,,04101-060-4,180
,,,,,,,04101-060-4,180
,,,,,,,04101-060-4,180
,,,,,,,04101-062-4,181
,,,,,,,04101-062-4,181
,,,,,,,04101-080-4,182
,,,,,,,04101-080-4,182
,,,,,,,04101-080-4,182
,,,,,,,04101-080-4,182
,,,,,,,04101-080-4,182
,,,,,,,04101-080-4,182
,,,,,,,04101-080-4,182
,,,,,,,04101-080-4,182
,,,,,,,04101-080-4,182
,,,,,,,04101-080-4,182
,,,,,,,04101-080-4,182
,,,,,,,04101-080-4,182
,,,,,,,04101-080-4,182
,,,,,,,04101-080-4,182
,,,,,,,04101-080-4,182
,,,,,,,04101-080-4,182
,,,,,,,04101-080-4,182
,,,,,,,04101-080-4,182
,,,,,,,04101-080-4,182
,,,,,,,04101-080-4,182
,,,,,,,04101-080-4,182
,,,,,,,04101-080-4,182
,,,,,,,04101-080-4,182
,,,,,,,04101-080-4,182
,,,,,,,04101-080-4,182
,,,,,,,04101-080-4,182
,,,,,,,04101-080-4,182
,,,,,,,04101-080-4,182
,,,,,,,04101-080-4,182
,,,,,,,04101-080-4,182
,,,,,,,04101-080-4,182
,,,,,,,04101-080-4,182
,,,,,,,04101-080-4,182
,,,,,,,04101-080-4,182
,,,,,,,04101-080-4,182
,,,,,,,04101-080-4,182
,,,,,,,04101-080-4,182
,,,,,,,04101-080-4,182
,,,,,,,04101-082-4,183
,,,,,,,04101-082-4,183
,,,,,,,04101-082-4,183
,,,,,,,04101-082-4,183
,,,,,,,04101-082-4,183
,,,,,,,04101-082-4,183
,,,,,,,04101-082-4,183
,,,,,,,04101-082-4,183
,,,,,,,04101-100-4,184
,,,,,,,04101-100-4,184
,,,,,,,04101-100-4,184
,,,,,,,04101-100-4,184
,,,,,,,04101-100-4,184
,,,,,,,04101-100-4,184
,,,,,,,04101-100-4,184
,,,,,,,04101-100-4,184
,,,,,,,04101-100-4,184
,,,,,,,04101-100-4,184
,,,,,,,04101-100-4,184
,,,,,,,04101-100-4,184
,,,,,,,04101-100-4,184
,,,,,,,04101-100-4,184
,,,,,,,04101-100-4,184
,,,,,,,04101-100-4,184
,,,,,,,04101-100-4,184
,,,,,,,04101-100-4,184
,,,,,,,04101-100-4,184
,,,,,,,04101-100-4,184
,,,,,,,04101-100-4,184
,,,,,,,04101-100-4,184
,,,,,,,04101-100-4,184
,,,,,,,04101-100-4,184
,,,,,,,04101-100-4,184
,,,,,,,04101-100-4,184
,,,,,,,04101-100-4,184
,,,,,,,04101-100-4,184
,,,,,,,04101-100-4,184
,,,,,,,04101-100-4,184
,,,,,,,04101-102-4,185
,,,,,,,04101-102-4,185
,,,,,,,04101-102-4,185
,,,,,,,04101-102-4,185
,,,,,,,04101-102-4,185
,,,,,,,04101-102-4,185
,,,,,,,04101-102-9,186
,,,,,,,04101-120-4,187
,,,,,,,04101-120-4,187
,,,,,,,04101-120-4,187
,,,,,,,04101-120-4,187
,,,,,,,04101-120-4,187
,,,,,,,04101-120-4,187
,,,,,,,04101-120-4,187
,,,,,,,04101-120-4,187
,,,,,,,04101-120-4,187
,,,,,,,04101-120-4,187
,,,,,,,04101-120-4,187
,,,,,,,04101-120-4,187
,,,,,,,04101-120-4,187
,,,,,,,04101-120-4,187
,,,,,,,04101-120-4,187
,,,,,,,04101-120-4,187
,,,,,,,04101-120-4,187
,,,,,,,04101-120-4,187
,,,,,,,04101-120-4,187
,,,,,,,04101-120-4,187
,,,,,,,04101-120-4,187
,,,,,,,04101-120-4,187
,,,,,,,04101-120-4,187
,,,,,,,04101-120-4,187
,,,,,,,04101-122-4,188
,,,,,,,04101-122-4,188
,,,,,,,04101-122-4,188
,,,,,,,04101-162-4,189
,,,,,,,04101-162-4,189
,,,,,,,04101-162-4,189
,,,,,,,04101-162-4,189
,,,,,,,04101-162-4,189
,,,,,,,04102-060-4,190
,,,,,,,04102-060-4,190
,,,,,,,04102-060-4,190
,,,,,,,04102-080-4,191
,,,,,,,04102-080-4,191
,,,,,,,04102-080-4,191
,,,,,,,04102-080-4,191
,,,,,,,04102-080-4,191
,,,,,,,04102-080-4,191
,,,,,,,04102-080-4,191
,,,,,,,04103-060-4,192
,,,,,,,04103-060-4,192
,,,,,,,04103-060-4,192
,,,,,,,04103-080-4,193
,,,,,,,04103-080-4,193
,,,,,,,04103-080-4,193
,,,,,,,04103-080-4,193
,,,,,,,04103-080-4,193
,,,,,,,04103-080-4,193
,,,,,,,04103-080-4,193
,,,,,,,04103-100-4,194
,,,,,,,04103-100-4,194
,,,,,,,04103-100-4,194
,,,,,,,04103-120-4,195
,,,,,,,04103-120-4,195
,,,,,,,04103-120-4,195
,,,,,,,04104-060-4,196
,,,,,,,04104-060-4,196
,,,,,,,04104-060-4,196
,,,,,,,04104-080-4,197
,,,,,,,04104-080-4,197
,,,,,,,04104-080-4,197
,,,,,,,04110-060-4,198
,,,,,,,04110-060-4,198
,,,,,,,04110-060-4,198
,,,,,,,04110-060-4,198
,,,,,,,04110-060-4,198
,,,,,,,04110-060-4,198
,,,,,,,04110-080-4,199
,,,,,,,04110-080-4,199
,,,,,,,04110-080-4,199
,,,,,,,04110-080-4,199
,,,,,,,04110-080-4,199
,,,,,,,04110-080-4,199
,,,,,,,04110-080-4,199
,,,,,,,04110-100-4,200
,,,,,,,04110-100-4,200
,,,,,,,04110-100-4,200
,,,,,,,04110-100-4,200
,,,,,,,04110-100-4,200
,,,,,,,04110-100-4,200
,,,,,,,04110-120-4,201
,,,,,,,04110-120-4,201
,,,,,,,04110-120-4,201
,,,,,,,04110-162-4,202
,,,,,,,04110-162-4,202
,,,,,,,04110-162-4,202
,,,,,,,04201-080-0,203
,,,,,,,04201-080-0,203
,,,,,,,04201-080-0,203
,,,,,,,04201-080-0,203
,,,,,,,04301-062-0,204
,,,,,,,04301-062-0,204
,,,,,,,04301-062-0,204
,,,,,,,04301-062-0,204
,,,,,,,04301-062-0,204
,,,,,,,04301-062-0,204
,,,,,,,04301-082-0,205
,,,,,,,04301-082-0,205
,,,,,,,04301-082-0,205
,,,,,,,04301-082-0,205
,,,,,,,04301-082-0,205
,,,,,,,04301-082-0,205
,,,,,,,04301-082-0,205
,,,,,,,04301-082-0,205
,,,,,,,04301-082-0,205
,,,,,,,04301-082-0,205
,,,,,,,04301-102-0,206
,,,,,,,04301-102-0,206
,,,,,,,04301-102-0,206
,,,,,,,04301-102-0,206
,,,,,,,04301-102-0,206
,,,,,,,04301-102-0,206
,,,,,,,04301-122-0,207
,,,,,,,04301-122-0,207
,,,,,,,04301-122-0,207
,,,,,,,04301-122-0,207
,,,,,,,04301-122-0,207
,,,,,,,04301-122-0,207
,,,,,,,05212-040-0,208
,,,,,,,05212-040-0,208
,,,,,,,05212-040-0,208
,,,,,,,05212-060-0,209
,,,,,,,05212-060-0,209
,,,,,,,05212-060-0,209
,,,,,,,05212-060-0,209
,,,,,,,05212-060-0,209
,,,,,,,05212-060-0,209
,,,,,,,05212-060-0,209
,,,,,,,05212-060-0,209
,,,,,,,05212-060-0,209
,,,,,,,05212-060-0,209
,,,,,,,05212-060-0,209
,,,,,,,05212-060-0,209
,,,,,,,05212-060-0,209
,,,,,,,05212-060-0,209
,,,,,,,05212-060-0,209
,,,,,,,05212-060-0,209
,,,,,,,05212-060-0,209
,,,,,,,05212-060-0,209
,,,,,,,05212-060-5,210
,,,,,,,05212-060-5,210
,,,,,,,05212-060-5,210
,,,,,,,05212-060-5,210
,,,,,,,05212-060-5,210
,,,,,,,05212-080-0,211
,,,,,,,05212-080-0,211
,,,,,,,05212-080-0,211
,,,,,,,05212-080-0,211
,,,,,,,05212-080-0,211
,,,,,,,05212-080-0,211
,,,,,,,05212-080-0,211
,,,,,,,05212-080-0,211
,,,,,,,05212-080-0,211
,,,,,,,05212-080-0,211
,,,,,,,05212-080-0,211
,,,,,,,05212-080-0,211
,,,,,,,05212-080-0,211
,,,,,,,05212-080-0,211
,,,,,,,05212-080-0,211
,,,,,,,05212-080-0,211
,,,,,,,05212-080-0,211
,,,,,,,05212-080-0,211
,,,,,,,05212-080-0,211
,,,,,,,05212-080-0,211
,,,,,,,05212-080-0,211
,,,,,,,05212-080-5,212
,,,,,,,05212-080-5,212
,,,,,,,05212-080-5,212
,,,,,,,05212-080-5,212
,,,,,,,05212-100-0,213
,,,,,,,05212-100-0,213
,,,,,,,05212-100-0,213
,,,,,,,05212-100-0,213
,,,,,,,05212-100-0,213
,,,,,,,05212-100-0,213
,,,,,,,05212-100-0,213
,,,,,,,05212-100-0,213
,,,,,,,05212-100-0,213
,,,,,,,05212-100-0,213
,,,,,,,05212-100-0,213
,,,,,,,05212-100-0,213
,,,,,,,05212-100-0,213
,,,,,,,05212-100-0,213
,,,,,,,05212-100-0,213
,,,,,,,05212-100-0,213
,,,,,,,05212-100-0,213
,,,,,,,05212-100-0,213
,,,,,,,05212-100-5,214
,,,,,,,05212-100-5,214
,,,,,,,05212-100-5,214
,,,,,,,05212-100-5,214
,,,,,,,05212-120-0,215
,,,,,,,05212-120-0,215
,,,,,,,05212-120-0,215
,,,,,,,05212-120-0,215
,,,,,,,05212-120-0,215
,,,,,,,05212-120-0,215
,,,,,,,05212-120-0,215
,,,,,,,05212-120-0,215
,,,,,,,05212-120-0,215
,,,,,,,05212-120-0,215
,,,,,,,05212-120-0,215
,,,,,,,05212-120-0,215
,,,,,,,05212-120-0,215
,,,,,,,05212-120-0,215
,,,,,,,05212-120-5,216
,,,,,,,05212-120-5,216
,,,,,,,05212-150-0,217
,,,,,,,05212-150-0,217
,,,,,,,05212-150-0,217
,,,,,,,05212-150-0,217
,,,,,,,05212-150-0,217
,,,,,,,05212-150-0,217
,,,,,,,05212-150-0,217
,,,,,,,05212-150-0,217
,,,,,,,05212-150-0,217
,,,,,,,05212-150-0,217
,,,,,,,05212-150-0,217
,,,,,,,05212-150-0,217
,,,,,,,05212-150-0,217
,,,,,,,05212-150-9,218
,,,,,,,05212-150-9,218
,,,,,,,05212-190-0,219
,,,,,,,05212-190-0,219
,,,,,,,05212-190-0,219
,,,,,,,05212-190-0,219
,,,,,,,05212-190-0,219
,,,,,,,05212-190-0,219
,,,,,,,05212-190-0,219
,,,,,,,06102-040-4,220
,,,,,,,06102-040-4,220
,,,,,,,06102-040-4,220
,,,,,,,06102-040-4,220
,,,,,,,06102-040-4,220
,,,,,,,06102-060-4,221
,,,,,,,06102-060-4,221
,,,,,,,06102-060-4,221
,,,,,,,06102-060-4,221
,,,,,,,06102-060-4,221
,,,,,,,06102-060-4,221
,,,,,,,06102-060-4,221
,,,,,,,06112-040-4,222
,,,,,,,06112-040-4,222
,,,,,,,06112-040-4,222
,,,,,,,06112-060-4,223
,,,,,,,06112-060-4,223
,,,,,,,06112-060-4,223
,,,,,,,06112-060-4,223
,,,,,,,06112-060-4,223
,,,,,,,06204-030-0,224
,,,,,,,06204-030-0,224
,,,,,,,06204-030-0,224
,,,,,,,06206-030-0,225
,,,,,,,06206-030-0,225
,,,,,,,06206-030-0,225
,,,,,,,06213-030-0,226
,,,,,,,06213-030-0,226
,,,,,,,06213-030-0,226
,,,,,,,07101-035-0,
,,,,,,,07101-035-0,
,,,,,,,07101-035-0,
,,,,,,,07101-035-0,
,,,,,,,07101-035-0,
,,,,,,,07101-040-0,
,,,,,,,07101-040-0,
,,,,,,,07101-040-0,
,,,,,,,07101-040-0,
,,,,,,,07101-040-0,
,,,,,,,07101-040-0,
,,,,,,,07101-040-0,
,,,,,,,07102-035-0,
,,,,,,,07102-035-0,
,,,,,,,07102-035-0,
,,,,,,,07102-040-0,
,,,,,,,07102-040-0,
,,,,,,,07102-040-0,
,,,,,,,07103-035-0,
,,,,,,,07103-040-0,
,,,,,,,07103-040-0,
,,,,,,,07103-040-0,
,,,,,,,07103-040-0,
,,,,,,,07103-040-0,
,,,,,,,07103-040-0,
,,,,,,,07103-040-0,
,,,,,,,07103-040-0,
,,,,,,,07103-040-0,
,,,,,,,07103-040-0,
,,,,,,,07103-040-0,
,,,,,,,07103-040-0,
,,,,,,,07103-040-0,
,,,,,,,07103-040-0,
,,,,,,,07103-040-0,
,,,,,,,07104-040-0,
,,,,,,,07104-040-0,
,,,,,,,07104-040-0,
,,,,,,,07105-040-0,
,,,,,,,07105-040-0,
,,,,,,,07105-040-0,
,,,,,,,07106-040-0,
,,,,,,,07106-040-0,
,,,,,,,07106-040-0,
,,,,,,,07106-050-0,
,,,,,,,07106-050-0,
,,,,,,,07106-050-0,
,,,,,,,07107-040-0,
,,,,,,,07107-040-0,
,,,,,,,07107-040-0,
,,,,,,,07108-040-0,
,,,,,,,07108-040-0,
,,,,,,,07108-040-0,
,,,,,,,07109-040-0,
,,,,,,,07109-040-0,
,,,,,,,07109-040-0,
,,,,,,,07110-050-0,
,,,,,,,07110-050-0,
,,,,,,,07110-050-0,
,,,,,,,07111-040-0,
,,,,,,,07111-040-0,
,,,,,,,07111-040-0,
,,,,,,,07111-040-0,
,,,,,,,07111-040-0,
,,,,,,,07117-050-0,
,,,,,,,07120-040-0,
,,,,,,,07121-040-0,
,,,,,,,07202-050-0,
,,,,,,,07202-050-0,
,,,,,,,07202-050-0,
,,,,,,,07202-050-0,
,,,,,,,07202-050-0,
,,,,,,,07202-050-0,
,,,,,,,07202-050-0,
,,,,,,,07202-050-0,
,,,,,,,07301-035-0,
,,,,,,,07301-035-0,
,,,,,,,07301-040-0,
,,,,,,,07301-040-0,
,,,,,,,07301-040-0,
,,,,,,,07301-040-0,
,,,,,,,07301-040-0,
,,,,,,,07301-040-0,
,,,,,,,07301-040-0,
,,,,,,,07302-030-0,
,,,,,,,07302-040-0,
,,,,,,,07302-040-0,
,,,,,,,07302-040-0,
,,,,,,,07304-040-0,
,,,,,,,07304-040-0,
,,,,,,,07304-040-0,
,,,,,,,07305-040-0,
,,,,,,,07305-040-0,
,,,,,,,07305-040-0,
,,,,,,,07305-040-0,
,,,,,,,07310-050-0,
,,,,,,,07310-050-0,
,,,,,,,07310-050-0,
,,,,,,,07310-050-0,
,,,,,,,07310-050-0,
,,,,,,,07310-050-0,
,,,,,,,07310-050-0,
,,,,,,,07311-040-0,
,,,,,,,07311-040-0,
,,,,,,,07311-040-0,
,,,,,,,07511-040-0,
,,,,,,,07511-040-0,
,,,,,,,07511-040-0,
,,,,,,,07711-040-0,
,,,,,,,07711-040-0,
,,,,,,,07711-040-0,
,,,,,,,07711-040-0,
,,,,,,,07711-040-0,
,,,,,,,07711-040-0,
,,,,,,,07711-040-0,
,,,,,,,07811-040-0,
,,,,,,,07811-040-0,
,,,,,,,07811-040-0,
,,,,,,,07811-040-0,
,,,,,,,07811-040-0,
,,,,,,,07811-040-0,
,,,,,,,07811-040-0,
,,,,,,,07911-040-0,
,,,,,,,07911-040-0,
,,,,,,,07911-040-0,
,,,,,,,08101-040-0,
,,,,,,,08101-040-0,
,,,,,,,08101-040-0,
,,,,,,,08101-040-0,
,,,,,,,08101-040-0,
,,,,,,,08105-040-0,
,,,,,,,08106-040-0,
,,,,,,,08106-040-0,
,,,,,,,08106-040-0,
,,,,,,,08106-050-0,
,,,,,,,08110-050-0,
,,,,,,,08112-040-0,
,,,,,,,08112-040-0,
,,,,,,,08112-040-0,
,,,,,,,08112-040-0,
,,,,,,,08112-040-0,
,,,,,,,08112-040-0,
,,,,,,,08112-040-0,
,,,,,,,08113-040-0,
,,,,,,,08113-040-0,
,,,,,,,08113-040-0,
,,,,,,,08113-040-0,
,,,,,,,08113-040-0,
,,,,,,,08114-040-0,
,,,,,,,08114-040-0,
,,,,,,,08114-040-0,
,,,,,,,08115-040-0,
,,,,,,,08115-040-0,
,,,,,,,08115-040-0,
,,,,,,,08115-040-0,
,,,,,,,08115-040-0,
,,,,,,,08116-040-0,
,,,,,,,08116-040-0,
,,,,,,,08116-040-0,
,,,,,,,08116-040-0,
,,,,,,,08116-040-0,
,,,,,,,08116-040-0,
,,,,,,,08116-040-0,
,,,,,,,08117-040-0,
,,,,,,,08117-040-0,
,,,,,,,08117-040-0,
,,,,,,,08117-050-0,
,,,,,,,08117-050-0,
,,,,,,,08117-050-0,
,,,,,,,08117-050-0,
,,,,,,,08117-050-0,
,,,,,,,08118-040-0,
,,,,,,,08118-040-0,
,,,,,,,08118-040-0,
,,,,,,,08119-040-0,
,,,,,,,08119-040-0,
,,,,,,,08119-040-0,
,,,,,,,08301-040-0,
,,,,,,,08301-040-0,
,,,,,,,08301-040-0,
,,,,,,,08301-040-0,
,,,,,,,08301-040-0,
,,,,,,,08301-040-0,
,,,,,,,08301-040-0,
,,,,,,,08301-040-0,
,,,,,,,08305-040-0,
,,,,,,,08306-040-0,
,,,,,,,08306-040-0,
,,,,,,,08306-040-0,
,,,,,,,08306-040-0,
,,,,,,,08310-050-0,
,,,,,,,08312-040-0,
,,,,,,,08312-040-0,
,,,,,,,08312-040-0,
,,,,,,,08312-040-0,
,,,,,,,08312-040-0,
,,,,,,,08312-040-0,
,,,,,,,08312-040-0,
,,,,,,,08313-040-0,
,,,,,,,08313-040-0,
,,,,,,,08313-040-0,
,,,,,,,08313-040-0,
,,,,,,,08313-040-0,
,,,,,,,08313-040-0,
,,,,,,,08313-040-0,
,,,,,,,08314-040-0,
,,,,,,,08314-040-0,
,,,,,,,08314-040-0,
,,,,,,,08314-040-0,
,,,,,,,08314-040-0,
,,,,,,,08314-040-0,
,,,,,,,08314-040-0,
,,,,,,,08314-040-0,
,,,,,,,08314-040-0,
,,,,,,,08315-040-0,
,,,,,,,08315-040-0,
,,,,,,,08315-040-0,
,,,,,,,08315-040-0,
,,,,,,,08315-040-0,
,,,,,,,08315-040-0,
,,,,,,,08315-040-0,
,,,,,,,08316-040-0,
,,,,,,,08316-040-0,
,,,,,,,08316-040-0,
,,,,,,,08316-040-0,
,,,,,,,08316-040-0,
,,,,,,,08318-040-0,
,,,,,,,08318-040-0,
,,,,,,,08318-040-0,
,,,,,,,08501-040-0,
,,,,,,,08501-040-0,
,,,,,,,08501-040-0,
,,,,,,,08501-040-0,
,,,,,,,08501-040-0,
,,,,,,,08502-040-0,
,,,,,,,08502-040-0,
,,,,,,,08502-040-0,
,,,,,,,08502-040-0,
,,,,,,,08502-040-0,
,,,,,,,08502-040-0,
,,,,,,,08503-040-0,
,,,,,,,08503-040-0,
,,,,,,,08503-040-0,
,,,,,,,08504-040-0,
,,,,,,,08504-040-0,
,,,,,,,08504-040-0,
,,,,,,,08504-040-0,
,,,,,,,08505-040-0,
,,,,,,,08505-040-0,
,,,,,,,08505-040-0,
,,,,,,,08505-040-0,
,,,,,,,08506-040-0,
,,,,,,,08506-040-0,
,,,,,,,08506-040-0,
,,,,,,,08506-040-0,
,,,,,,,08507-040-0,
,,,,,,,08507-040-0,
,,,,,,,08507-040-0,
,,,,,,,08507-040-0,
,,,,,,,08507-040-0,
,,,,,,,08507-040-0,
,,,,,,,08507-040-0,
,,,,,,,08508-040-0,
,,,,,,,08508-040-0,
,,,,,,,08508-040-0,
,,,,,,,08509-040-0,
,,,,,,,08509-040-0,
,,,,,,,08509-040-0,
,,,,,,,08509-040-0,
,,,,,,,08509-040-0,
,,,,,,,08509-040-0,
,,,,,,,08509-040-0,
,,,,,,,08510-040-0,
,,,,,,,08510-040-0,
,,,,,,,08510-040-0,
,,,,,,,08510-040-0,
,,,,,,,08510-040-0,
,,,,,,,08510-040-0,
,,,,,,,08510-040-0,
,,,,,,,08916-040-7,
,,,,,,,08916-040-8,
,,,,,,,08916-040-9,
,,,,,,,08916-040-9,
,,,,,,,08916-040-9,
,,,,,,,08916-040-9,
,,,,,,,08916-040-9,
,,,,,,,08916-040-9,
,,,,,,,08916-040-9,
,,,,,,,08916-040-9,
,,,,,,,08916-040-9,
,,,,,,,08916-040-9,
,,,,,,,60060,
,,,,,,,60080,
,,,,,,,60090,
,,,,,,,60100,
,,,,,,,60110,
,,,,,,,60120,
,,,,,,,60130,
,,,,,,,60140,
,,,,,,,60145,
,,,,,,,60150,
,,,,,,,60155,
,,,,,,,60160,
,,,,,,,61040,
,,,,,,,61050,
,,,,,,,61080,
,,,,,,,61100,
,,,,,,,61140,
,,,,,,,61200,
,,,,,,,61500,
,,,,,,,62120,
,,,,,,,62150,
,,,,,,,62180,
,,,,,,,62900,
,,,,,,,63100,
,,,,,,,64100,
,,,,,,,64200,
,,,,,,,65100,
,,,,,,,66100,
,,,,,,,67100,
,,,,,,,67200,
,,,,,,,67300,
,,,,,,,68100,
,,,,,,,69100,
,,,,,,,70000,
,,,,,,,97000,
,,,,,,,97010,
,,,,,,,97020,
,,,,,,,97030,
,,,,,,,97040,
,,,,,,,97050,
,,,,,,,97060,
,,,,,,,97070,
,,,,,,,97080,
,,,,,,,97090,
,,,,,,,98000,
,,,,,,,99000,
,,,,,,,99001,
,,,,,,,99010,
,,,,,,,99020,
,,,,,,,99030,
,,,,,,,99040,
