code,category_code,category_name,subcategory_code,subcategory_name,color_code,color_name,thickness_code,thickness_mm,error
00100-020-4,00,Float,14,Undefined for category,00,Matt,020,2.0,
00101-020-4,00,Float,14,Undefined for category,01,Clear,020,2.0,
00101-027-4,00,Float,14,Undefined for category,01,Clear,027,2.7,
00101-030-4,00,Float,14,Undefined for category,01,Clear,030,3.0,
00101-032-4,00,Float,14,Undefined for category,01,Clear,032,3.2,
00101-040-4,00,Float,14,Undefined for category,01,Clear,040,4.0,
00101-047-4,00,Float,14,Undefined for category,01,Clear,047,4.7,
00101-050-4,00,Float,14,Undefined for category,01,Clear,050,5.0,
00101-050-4,00,Float,14,Undefined for category,01,Clear,050,5.0,
00101-055-0,00,Float,10,Float,01,Clear,055,5.5,
00101-055-1,00,Float,11,Float Jumbo,01,Clear,055,5.5,
00101-055-4,00,Float,14,Undefined for category,01,Clear,055,5.5,
00101-060-4,00,Float,14,Undefined for category,01,Clear,060,6.0,
00101-060-9,00,Float,19,Undefined for category,01,Clear,060,6.0,
00101-080-4,00,Float,14,Undefined for category,01,Clear,080,8.0,
00101-080-7,00,Float,17,Undefined for category,01,Clear,080,8.0,
00101-080-8,00,Float,18,Undefined for category,01,Clear,080,8.0,
00101-080-9,00,Float,19,Undefined for category,01,Clear,080,8.0,
00101-100-1,00,Float,11,Float Jumbo,01,Clear,100,10.0,
00101-100-4,00,Float,14,Undefined for category,01,Clear,100,10.0,
00101-100-7,00,Float,17,Undefined for category,01,Clear,100,10.0,
00101-100-8,00,Float,18,Undefined for category,01,Clear,100,10.0,
00101-100-9,00,Float,19,Undefined for category,01,Clear,100,10.0,
00101-120-4,00,Float,14,Undefined for category,01,Clear,120,12.0,
00101-120-8,00,Float,18,Undefined for category,01,Clear,120,12.0,
00101-150-4,00,Float,14,Undefined for category,01,Clear,150,15.0,
00101-150-5,00,Float,15,Undefined for category,01,Clear,150,15.0,
00101-150-6,00,Float,16,Undefined for category,01,Clear,150,15.0,
00101-190-4,00,Float,14,Undefined for category,01,Clear,190,19.0,
00101-190-5,00,Float,15,Undefined for category,01,Clear,190,19.0,
00102-040-4,00,Float,14,Undefined for category,02,Grey,040,4.0,
00102-050-4,00,Float,14,Undefined for category,02,Grey,050,5.0,
00102-055-1,00,Float,11,Float Jumbo,02,Grey,055,5.5,
00102-055-4,00,Float,14,Undefined for category,02,Grey,055,5.5,
00102-060-4,00,Float,14,Undefined for category,02,Grey,060,6.0,
00102-080-4,00,Float,14,Undefined for category,02,Grey,080,8.0,
00102-100-4,00,Float,14,Undefined for category,02,Grey,100,10.0,
00102-120-4,00,Float,14,Undefined for category,02,Grey,120,12.0,
00103-030-4,00,Float,14,Undefined for category,03,Bronze,030,3.0,
00103-037-4,00,Float,14,Undefined for category,03,Bronze,037,3.7,
00103-040-4,00,Float,14,Undefined for category,03,Bronze,040,4.0,
00103-050-4,00,Float,14,Undefined for category,03,Bronze,050,5.0,
00103-055-0,00,Float,10,Float,03,Bronze,055,5.5,
00103-055-1,00,Float,11,Float Jumbo,03,Bronze,055,5.5,
00103-055-4,00,Float,14,Undefined for category,03,Bronze,055,5.5,
00103-060-4,00,Float,14,Undefined for category,03,Bronze,060,6.0,
00103-080-4,00,Float,14,Undefined for category,03,Bronze,080,8.0,
00103-100-4,00,Float,14,Undefined for category,03,Bronze,100,10.0,
00103-120-4,00,Float,14,Undefined for category,03,Bronze,120,12.0,
00104-055-4,00,Float,14,Undefined for category,04,Green,055,5.5,
00104-080-4,00,Float,14,Undefined for category,04,Green,080,8.0,
00104-100-4,00,Float,14,Undefined for category,04,Green,100,10.0,
00104-120-4,00,Float,14,Undefined for category,04,Green,120,12.0,
00105-050-4,00,Float,14,Undefined for category,05,Dark Green,050,5.0,
00105-053-4,00,Float,14,Undefined for category,05,Dark Green,053,5.3,
00105-053-4,00,Float,14,Undefined for category,05,Dark Green,053,5.3,
00105-055-4,00,Float,14,Undefined for category,05,Dark Green,055,5.5,
00105-055-4,00,Float,14,Undefined for category,05,Dark Green,055,5.5,
00105-055-4,00,Float,14,Undefined for category,05,Dark Green,055,5.5,
00106-055-1,00,Float,11,Float Jumbo,06,Blue,055,5.5,
00106-055-4,00,Float,14,Undefined for category,06,Blue,055,5.5,
00106-060-4,00,Float,14,Undefined for category,06,Blue,060,6.0,
00106-080-4,00,Float,14,Undefined for category,06,Blue,080,8.0,
00106-100-4,00,Float,14,Undefined for category,06,Blue,100,10.0,
00107-050-4,00,Float,14,Undefined for category,07,Dark Blue,050,5.0,
00107-050-4,00,Float,14,Undefined for category,07,Dark Blue,050,5.0,
00107-053-4,00,Float,14,Undefined for category,07,Dark Blue,053,5.3,
00107-053-4,00,Float,14,Undefined for category,07,Dark Blue,053,5.3,
00107-055-4,00,Float,14,Undefined for category,07,Dark Blue,055,5.5,
00107-060-4,00,Float,14,Undefined for category,07,Dark Blue,060,6.0,
00108-060-4,00,Float,14,Undefined for category,08,Blue-Green,060,6.0,
00108-060-5,00,Float,15,Undefined for category,08,Blue-Green,060,6.0,
00109-055-4,00,Float,14,Undefined for category,09,Dark Grey,055,5.5,
00111-060-4,00,Float,14,Undefined for category,11,Pink,060,6.0,
01101-055-4,01,Reflective,14,Undefined for category,01,Clear,055,5.5,
01101-060-4,01,Reflective,14,Undefined for category,01,Clear,060,6.0,
01101-080-4,01,Reflective,14,Undefined for category,01,Clear,080,8.0,
01102-040-4,01,Reflective,14,Undefined for category,02,Grey,040,4.0,
01102-053-4,01,Reflective,14,Undefined for category,02,Grey,053,5.3,
01102-055-4,01,Reflective,14,Undefined for category,02,Grey,055,5.5,
01102-060-4,01,Reflective,14,Undefined for category,02,Grey,060,6.0,
01102-080-4,01,Reflective,14,Undefined for category,02,Grey,080,8.0,
01102-100-4,01,Reflective,14,Undefined for category,02,Grey,100,10.0,
01103-040-4,01,Reflective,14,Undefined for category,03,Bronze,040,4.0,
01103-040-4,01,Reflective,14,Undefined for category,03,Bronze,040,4.0,
01103-050-4,01,Reflective,14,Undefined for category,03,Bronze,050,5.0,
01103-050-4,01,Reflective,14,Undefined for category,03,Bronze,050,5.0,
01103-053-4,01,Reflective,14,Undefined for category,03,Bronze,053,5.3,
01103-055-4,01,Reflective,14,Undefined for category,03,Bronze,055,5.5,
01103-060-4,01,Reflective,14,Undefined for category,03,Bronze,060,6.0,
01103-080-4,01,Reflective,14,Undefined for category,03,Bronze,080,8.0,
01103-100-4,01,Reflective,14,Undefined for category,03,Bronze,100,10.0,
01104-055-4,01,Reflective,14,Undefined for category,04,Green,055,5.5,
01104-060-4,01,Reflective,14,Undefined for category,04,Green,060,6.0,
01104-080-4,01,Reflective,14,Undefined for category,04,Green,080,8.0,
01105-040-4,01,Reflective,14,Undefined for category,05,Dark Green,040,4.0,
01105-050-4,01,Reflective,14,Undefined for category,05,Dark Green,050,5.0,
01105-053-4,01,Reflective,14,Undefined for category,05,Dark Green,053,5.3,
01105-053-4,01,Reflective,14,Undefined for category,05,Dark Green,053,5.3,
01105-055-4,01,Reflective,14,Undefined for category,05,Dark Green,055,5.5,
01106-055-4,01,Reflective,14,Undefined for category,06,Blue,055,5.5,
01106-060-4,01,Reflective,14,Undefined for category,06,Blue,060,6.0,
01106-080-4,01,Reflective,14,Undefined for category,06,Blue,080,8.0,
01107-050-4,01,Reflective,14,Undefined for category,07,Dark Blue,050,5.0,
01107-053-4,01,Reflective,14,Undefined for category,07,Dark Blue,053,5.3,
01107-053-4,01,Reflective,14,Undefined for category,07,Dark Blue,053,5.3,
01107-055-4,01,Reflective,14,Undefined for category,07,Dark Blue,055,5.5,
01107-060-4,01,Reflective,14,Undefined for category,07,Dark Blue,060,6.0,
01111-060-4,01,Reflective,14,Undefined for category,11,Pink,060,6.0,
01114-060-4,01,Reflective,14,Undefined for category,14,Silver,060,6.0,
01201-060-0,01,Reflective,20,Low E,01,Clear,060,6.0,
01201-060-1,01,Reflective,21,Undefined for category,01,Clear,060,6.0,
01201-060-1,01,Reflective,21,Undefined for category,01,Clear,060,6.0,
01201-060-1,01,Reflective,21,Undefined for category,01,Clear,060,6.0,
01201-080-0,01,Reflective,20,Low E,01,Clear,080,8.0,
01201-080-1,01,Reflective,21,Undefined for category,01,Clear,080,8.0,
01201-080-1,01,Reflective,21,Undefined for category,01,Clear,080,8.0,
01201-100-1,01,Reflective,21,Undefined for category,01,Clear,100,10.0,
01201-100-1,01,Reflective,21,Undefined for category,01,Clear,100,10.0,
02101-055-4,02,Translucent,14,Undefined for category,01,Clear,055,5.5,
02101-060-4,02,Translucent,14,Undefined for category,01,Clear,060,6.0,
02101-060-5,02,Translucent,15,Undefined for category,01,Clear,060,6.0,
02101-060-6,02,Translucent,16,Undefined for category,01,Clear,060,6.0,
02101-060-7,02,Translucent,17,Undefined for category,01,Clear,060,6.0,
02102-060-4,02,Translucent,14,Undefined for category,02,Grey,060,6.0,
02103-060-4,02,Translucent,14,Undefined for category,03,Bronze,060,6.0,
02104-060-4,02,Translucent,14,Undefined for category,04,Green,060,6.0,
02106-060-4,02,Translucent,14,Undefined for category,06,Blue,060,6.0,
02113-060-4,02,Translucent,14,Undefined for category,13,Amber,060,6.0,
02201-040-0,02,Translucent,20,Nashiji,01,Clear,040,4.0,
02201-055-0,02,Translucent,20,Nashiji,01,Clear,055,5.5,
02201-080-0,02,Translucent,20,Nashiji,01,Clear,080,8.0,
02201-100-0,02,Translucent,20,Nashiji,01,Clear,100,10.0,
02202-050-0,02,Translucent,20,Nashiji,02,Grey,050,5.0,
02202-053-0,02,Translucent,20,Nashiji,02,Grey,053,5.3,
02202-055-0,02,Translucent,20,Nashiji,02,Grey,055,5.5,
02203-055-0,02,Translucent,20,Nashiji,03,Bronze,055,5.5,
02205-055-0,02,Translucent,20,Nashiji,05,Dark Green,055,5.5,
02310-040-0,02,Translucent,30,Acid Etched,10,Opaque,040,4.0,
02310-060-0,02,Translucent,30,Acid Etched,10,Opaque,060,6.0,
02310-080-0,02,Translucent,30,Acid Etched,10,Opaque,080,8.0,
02310-100-0,02,Translucent,30,Acid Etched,10,Opaque,100,10.0,
02310-120-0,02,Translucent,30,Acid Etched,10,Opaque,120,12.0,
02410-030-0,02,Translucent,40,Sand Blasted,10,Opaque,030,3.0,
02410-040-0,02,Translucent,40,Sand Blasted,10,Opaque,040,4.0,
02410-050-0,02,Translucent,40,Sand Blasted,10,Opaque,050,5.0,
02410-060-0,02,Translucent,40,Sand Blasted,10,Opaque,060,6.0,
02501-040-4,02,Translucent,54,Undefined for category,01,Clear,040,4.0,
03101-030-4,03,Mirror,14,Undefined for category,01,Clear,030,3.0,
03101-030-6,03,Mirror,16,Undefined for category,01,Clear,030,3.0,
03101-040-0,03,Mirror,10,Mirror Silver,01,Clear,040,4.0,
03101-040-4,03,Mirror,14,Undefined for category,01,Clear,040,4.0,
03101-040-6,03,Mirror,16,Undefined for category,01,Clear,040,4.0,
03101-050-4,03,Mirror,14,Undefined for category,01,Clear,050,5.0,
03101-050-6,03,Mirror,16,Undefined for category,01,Clear,050,5.0,
03101-060-4,03,Mirror,14,Undefined for category,01,Clear,060,6.0,
03101-080-4,03,Mirror,14,Undefined for category,01,Clear,080,8.0,
03102-040-4,03,Mirror,14,Undefined for category,02,Grey,040,4.0,
03102-050-4,03,Mirror,14,Undefined for category,02,Grey,050,5.0,
03102-060-4,03,Mirror,14,Undefined for category,02,Grey,060,6.0,
03103-040-4,03,Mirror,14,Undefined for category,03,Bronze,040,4.0,
03103-050-4,03,Mirror,14,Undefined for category,03,Bronze,050,5.0,
03103-060-4,03,Mirror,14,Undefined for category,03,Bronze,060,6.0,
03104-050-4,03,Mirror,14,Undefined for category,04,Green,050,5.0,
03104-060-4,03,Mirror,14,Undefined for category,04,Green,060,6.0,
03106-040-4,03,Mirror,14,Undefined for category,06,Blue,040,4.0,
03106-050-4,03,Mirror,14,Undefined for category,06,Blue,050,5.0,
03111-040-4,03,Mirror,14,Undefined for category,11,Pink,040,4.0,
03111-050-4,03,Mirror,14,Undefined for category,11,Pink,050,5.0,
03111-060-4,03,Mirror,14,Undefined for category,11,Pink,060,6.0,
03115-040-4,03,Mirror,14,Undefined for category,15,Gold,040,4.0,
03115-050-4,03,Mirror,14,Undefined for category,15,Gold,050,5.0,
03312-060-0,03,Mirror,30,Mirror Extra Clear,12,Extra Clear,060,6.0,
03312-060-0,03,Mirror,30,Mirror Extra Clear,12,Extra Clear,060,6.0,
03401-040-0,03,Mirror,40,Mirror Antique,01,Clear,040,4.0,
03401-060-0,03,Mirror,40,Mirror Antique,01,Clear,060,6.0,
03402-060-0,03,Mirror,40,Mirror Antique,02,Grey,060,6.0,
03403-060-0,03,Mirror,40,Mirror Antique,03,Bronze,060,6.0,
03404-060-0,03,Mirror,40,Mirror Antique,04,Green,060,6.0,
03405-060-0,03,Mirror,40,Mirror Antique,05,Dark Green,060,6.0,
03406-060-0,03,Mirror,40,Mirror Antique,06,Blue,060,6.0,
03407-060-0,03,Mirror,40,Mirror Antique,07,Dark Blue,060,6.0,
04101-060-4,04,Laminated,14,Undefined for category,01,Clear,060,6.0,
04101-062-4,04,Laminated,14,Undefined for category,01,Clear,062,6.2,
04101-080-4,04,Laminated,14,Undefined for category,01,Clear,080,8.0,
04101-082-4,04,Laminated,14,Undefined for category,01,Clear,082,8.2,
04101-100-4,04,Laminated,14,Undefined for category,01,Clear,100,10.0,
04101-102-4,04,Laminated,14,Undefined for category,01,Clear,102,10.2,
04101-102-9,04,Laminated,19,Undefined for category,01,Clear,102,10.2,
04101-120-4,04,Laminated,14,Undefined for category,01,Clear,120,12.0,
04101-122-4,04,Laminated,14,Undefined for category,01,Clear,122,12.2,
04101-162-4,04,Laminated,14,Undefined for category,01,Clear,162,16.2,
04102-060-4,04,Laminated,14,Undefined for category,02,Grey,060,6.0,
04102-080-4,04,Laminated,14,Undefined for category,02,Grey,080,8.0,
04103-060-4,04,Laminated,14,Undefined for category,03,Bronze,060,6.0,
04103-080-4,04,Laminated,14,Undefined for category,03,Bronze,080,8.0,
04103-100-4,04,Laminated,14,Undefined for category,03,Bronze,100,10.0,
04103-120-4,04,Laminated,14,Undefined for category,03,Bronze,120,12.0,
04104-060-4,04,Laminated,14,Undefined for category,04,Green,060,6.0,
04104-080-4,04,Laminated,14,Undefined for category,04,Green,080,8.0,
04110-060-4,04,Laminated,14,Undefined for category,10,Opaque,060,6.0,
04110-080-4,04,Laminated,14,Undefined for category,10,Opaque,080,8.0,
04110-100-4,04,Laminated,14,Undefined for category,10,Opaque,100,10.0,
04110-120-4,04,Laminated,14,Undefined for category,10,Opaque,120,12.0,
04110-162-4,04,Laminated,14,Undefined for category,10,Opaque,162,16.2,
04201-080-0,04,Laminated,20,Laminated Low E,01,Clear,080,8.0,
04301-062-0,04,Laminated,30,Laminated Acoustic,01,Clear,062,6.2,
04301-082-0,04,Laminated,30,Laminated Acoustic,01,Clear,082,8.2,
04301-102-0,04,Laminated,30,Laminated Acoustic,01,Clear,102,10.2,
04301-122-0,04,Laminated,30,Laminated Acoustic,01,Clear,122,12.2,
05212-040-0,05,Extra Clear,20,Undefined for category,12,Extra Clear,040,4.0,
05212-060-0,05,Extra Clear,20,Undefined for category,12,Extra Clear,060,6.0,
05212-060-5,05,Extra Clear,25,Undefined for category,12,Extra Clear,060,6.0,
05212-080-0,05,Extra Clear,20,Undefined for category,12,Extra Clear,080,8.0,
05212-080-5,05,Extra Clear,25,Undefined for category,12,Extra Clear,080,8.0,
05212-100-0,05,Extra Clear,20,Undefined for category,12,Extra Clear,100,10.0,
05212-100-5,05,Extra Clear,25,Undefined for category,12,Extra Clear,100,10.0,
05212-120-0,05,Extra Clear,20,Undefined for category,12,Extra Clear,120,12.0,
05212-120-5,05,Extra Clear,25,Undefined for category,12,Extra Clear,120,12.0,
05212-150-0,05,Extra Clear,20,Undefined for category,12,Extra Clear,150,15.0,
05212-150-9,05,Extra Clear,29,Undefined for category,12,Extra Clear,150,15.0,
05212-190-0,05,Extra Clear,20,Undefined for category,12,Extra Clear,190,19.0,
06102-040-4,06,Decorative,14,Undefined for category,02,Grey,040,4.0,
06102-060-4,06,Decorative,14,Undefined for category,02,Grey,060,6.0,
06112-040-4,06,Decorative,14,Undefined for category,12,Extra Clear,040,4.0,
06112-060-4,06,Decorative,14,Undefined for category,12,Extra Clear,060,6.0,
06204-030-0,06,Decorative,20,Colored Glass,04,Green,030,3.0,
06206-030-0,06,Decorative,20,Colored Glass,06,Blue,030,3.0,
06211-030-0,06,Decorative,20,Colored Glass,11,Pink,030,3.0,
07101-035-0,07,Figured Glass,10,Figured Normal,01,Clear,035,3.5,
07101-035-0,07,Figured Glass,10,Figured Normal,01,Clear,035,3.5,
07101-040-0,07,Figured Glass,10,Figured Normal,01,Clear,040,4.0,
07102-035-0,07,Figured Glass,10,Figured Normal,02,Grey,035,3.5,
07102-035-0,07,Figured Glass,10,Figured Normal,02,Grey,035,3.5,
07102-040-0,07,Figured Glass,10,Figured Normal,02,Grey,040,4.0,
07103-035-0,07,Figured Glass,10,Figured Normal,03,Bronze,035,3.5,
07103-040-0,07,Figured Glass,10,Figured Normal,03,Bronze,040,4.0,
07104-040-0,07,Figured Glass,10,Figured Normal,04,Green,040,4.0,
07105-040-0,07,Figured Glass,10,Figured Normal,05,Dark Green,040,4.0,
07106-040-0,07,Figured Glass,10,Figured Normal,06,Blue,040,4.0,
07106-050-0,07,Figured Glass,10,Figured Normal,06,Blue,050,5.0,
07107-040-0,07,Figured Glass,10,Figured Normal,07,Dark Blue,040,4.0,
07108-040-0,07,Figured Glass,10,Figured Normal,08,Blue-Green,040,4.0,
07109-040-0,07,Figured Glass,10,Figured Normal,09,Dark Grey,040,4.0,
07110-050-0,07,Figured Glass,10,Figured Normal,10,Opaque,050,5.0,
07111-040-0,07,Figured Glass,10,Figured Normal,11,Pink,040,4.0,
07120-040-0,07,Figured Glass,10,Figured Normal,20,Unknown,040,4.0,
07121-040-0,07,Figured Glass,10,Figured Normal,21,Unknown,040,4.0,
07202-050-0,07,Figured Glass,20,Undefined for category,02,Grey,050,5.0,
07301-035-0,07,Figured Glass,30,Undefined for category,01,Clear,035,3.5,
07301-040-0,07,Figured Glass,30,Undefined for category,01,Clear,040,4.0,
07302-030-0,07,Figured Glass,30,Undefined for category,02,Grey,030,3.0,
07302-040-0,07,Figured Glass,30,Undefined for category,02,Grey,040,4.0,
07304-040-0,07,Figured Glass,30,Undefined for category,04,Green,040,4.0,
07305-040-0,07,Figured Glass,30,Undefined for category,05,Dark Green,040,4.0,
07310-050-0,07,Figured Glass,30,Undefined for category,10,Opaque,050,5.0,
07311-040-0,07,Figured Glass,30,Undefined for category,11,Pink,040,4.0,
07511-040-0,07,Figured Glass,50,Undefined for category,11,Pink,040,4.0,
07711-040-0,07,Figured Glass,70,Undefined for category,11,Pink,040,4.0,
07811-040-0,07,Figured Glass,80,Undefined for category,11,Pink,040,4.0,
07911-040-0,07,Figured Glass,90,Undefined for category,11,Pink,040,4.0,
08101-040-0,08,Figured Acid,10,Figured Acid,01,Clear,040,4.0,
08105-040-0,08,Figured Acid,10,Figured Acid,05,Dark Green,040,4.0,
08106-040-0,08,Figured Acid,10,Figured Acid,06,Blue,040,4.0,
08106-050-0,08,Figured Acid,10,Figured Acid,06,Blue,050,5.0,
08110-050-0,08,Figured Acid,10,Figured Acid,10,Opaque,050,5.0,
08112-040-0,08,Figured Acid,10,Figured Acid,12,Extra Clear,040,4.0,
08113-040-0,08,Figured Acid,10,Figured Acid,13,Amber,040,4.0,
08114-040-0,08,Figured Acid,10,Figured Acid,14,Silver,040,4.0,
08115-040-0,08,Figured Acid,10,Figured Acid,15,Gold,040,4.0,
08116-040-0,08,Figured Acid,10,Figured Acid,16,Violet,040,4.0,
08117-040-0,08,Figured Acid,10,Figured Acid,17,Other,040,4.0,
08117-050-0,08,Figured Acid,10,Figured Acid,17,Other,050,5.0,
08118-040-0,08,Figured Acid,10,Figured Acid,18,Unknown,040,4.0,
08119-040-0,08,Figured Acid,10,Figured Acid,19,Unknown,040,4.0,
08301-040-0,08,Figured Acid,30,Figured Acid ديكور,01,Clear,040,4.0,
08305-040-0,08,Figured Acid,30,Figured Acid ديكور,05,Dark Green,040,4.0,
08306-040-0,08,Figured Acid,30,Figured Acid ديكور,06,Blue,040,4.0,
08310-050-0,08,Figured Acid,30,Figured Acid ديكور,10,Opaque,050,5.0,
08312-040-0,08,Figured Acid,30,Figured Acid ديكور,12,Extra Clear,040,4.0,
08313-040-0,08,Figured Acid,30,Figured Acid ديكور,13,Amber,040,4.0,
08314-040-0,08,Figured Acid,30,Figured Acid ديكور,14,Silver,040,4.0,
08315-040-0,08,Figured Acid,30,Figured Acid ديكور,15,Gold,040,4.0,
08316-040-0,08,Figured Acid,30,Figured Acid ديكور,16,Violet,040,4.0,
08318-040-0,08,Figured Acid,30,Figured Acid ديكور,18,Unknown,040,4.0,
08501-040-0,08,Figured Acid,50,Undefined for category,01,Clear,040,4.0,
08502-040-0,08,Figured Acid,50,Undefined for category,02,Grey,040,4.0,
08503-040-0,08,Figured Acid,50,Undefined for category,03,Bronze,040,4.0,
08504-040-0,08,Figured Acid,50,Undefined for category,04,Green,040,4.0,
08505-040-0,08,Figured Acid,50,Undefined for category,05,Dark Green,040,4.0,
08506-040-0,08,Figured Acid,50,Undefined for category,06,Blue,040,4.0,
08507-040-0,08,Figured Acid,50,Undefined for category,07,Dark Blue,040,4.0,
08508-040-0,08,Figured Acid,50,Undefined for category,08,Blue-Green,040,4.0,
08509-040-0,08,Figured Acid,50,Undefined for category,09,Dark Grey,040,4.0,
08510-040-0,08,Figured Acid,50,Undefined for category,10,Opaque,040,4.0,
08916-040-7,08,Figured Acid,97,Undefined for category,16,Violet,040,4.0,
08916-040-8,08,Figured Acid,98,Undefined for category,16,Violet,040,4.0,
08916-040-9,08,Figured Acid,99,Undefined for category,16,Violet,040,4.0,
08916-040-9,08,Figured Acid,99,Undefined for category,16,Violet,040,4.0,
