ItemName,ItemNameClean
2ملم مات*,مات
2ملم مات*,مات
2ملم مات*,مات
2ملم مات*,مات
2ملم مات*,مات
2ملم مات*,مات
2ملم مات*,مات
2ملم مات*,مات
2ملم مات*,مات
2ملم مات*,مات
2ملم مات*,مات
2ملم ابيض*,ابيض
2ملم ابيض*,ابيض
2ملم ابيض*,ابيض
2ملم ابيض*,ابيض
2ملم ابيض*,ابيض
2ملم ابيض*,ابيض
2ملم ابيض*,ابيض
2ملم ابيض*,ابيض
2ملم ابيض*,ابيض
2ملم ابيض*,ابيض
2ملم ابيض*,ابيض
2ملم ابيض*,ابيض
2ملم ابيض*,ابيض
2ملم ابيض*,ابيض
2ملم ابيض*,ابيض
2.7ملم ابيض*,ابيض
2.7ملم ابيض*,ابيض
2.7ملم ابيض*,ابيض
3ملم ابيض*,ابيض
3ملم ابيض*,ابيض
3ملم ابيض*,ابيض
3ملم ابيض*,ابيض
3ملم ابيض*,ابيض
3ملم ابيض*,ابيض
3ملم ابيض*,ابيض
3ملم ابيض*,ابيض
3ملم ابيض*,ابيض
3ملم ابيض*,ابيض
3ملم ابيض*,ابيض
3ملم ابيض*,ابيض
3ملم ابيض*,ابيض
3ملم ابيض*,ابيض
3ملم ابيض*,ابيض
3ملم ابيض*,ابيض
3ملم ابيض*,ابيض
3ملم ابيض*,ابيض
3.2ملم ابيض*,ابيض
3.2ملم ابيض*,ابيض
3.2ملم ابيض*,ابيض
4ملم ابيض*,ابيض
4ملم ابيض*,ابيض
4ملم ابيض*,ابيض
4ملم ابيض*,ابيض
4ملم ابيض*,ابيض
4ملم ابيض*,ابيض
4ملم ابيض*,ابيض
4ملم ابيض*,ابيض
4ملم ابيض*,ابيض
4ملم ابيض*,ابيض
4ملم ابيض*,ابيض
4ملم ابيض*,ابيض
4ملم ابيض*,ابيض
4ملم ابيض*,ابيض
4ملم ابيض*,ابيض
4ملم ابيض*,ابيض
4ملم ابيض*,ابيض
4ملم ابيض*,ابيض
4ملم ابيض*,ابيض
4ملم ابيض*,ابيض
4ملم ابيض*,ابيض
4ملم ابيض*,ابيض
4ملم ابيض*,ابيض
4ملم ابيض*,ابيض
4ملم ابيض*,ابيض
4ملم ابيض*,ابيض
4ملم ابيض*,ابيض
4ملم ابيض*,ابيض
4ملم ابيض*,ابيض
4ملم ابيض*,ابيض
4ملم ابيض*,ابيض
4ملم ابيض*,ابيض
4ملم ابيض*,ابيض
4ملم ابيض*,ابيض
4ملم ابيض*,ابيض
4ملم ابيض*,ابيض
4ملم ابيض*,ابيض
4ملم ابيض*,ابيض
4ملم ابيض*,ابيض
4ملم ابيض*,ابيض
4ملم ابيض*,ابيض
4ملم ابيض*,ابيض
4ملم ابيض*,ابيض
4ملم ابيض*,ابيض
4ملم ابيض*,ابيض
4.7ملم ابيض*,ابيض
4.7ملم ابيض*,ابيض
4.7ملم ابيض*,ابيض
5ملم ابيض*,ابيض
5ملم ابيض*,ابيض
5ملم ابيض*,ابيض
5ملم ابيض*,ابيض
5ملم ابيض*,ابيض
5ملم ابيض*,ابيض
5ملم ابيض*,ابيض
5ملم ابيض*,ابيض
5ملم ابيض*,ابيض
5ملم ابيض*,ابيض
5ملم ابيض*,ابيض
5ملم ابيض*,ابيض
5ملم ابيض*,ابيض
5ملم ابيض*,ابيض
5ملم ابيض*,ابيض
5ملم ابيض*,ابيض
5ملم ابيض*,ابيض
5ملم ابيض*,ابيض
5ملم ابيض*,ابيض
5ملم ابيض*,ابيض
5ملم ابيض*,ابيض
5ملم ابيض*,ابيض
5ملم ابيض*,ابيض
5ملم ابيض*,ابيض
5ملم ابيض*,ابيض
5ملم ابيض*,ابيض
5ملم ابيض*,ابيض
5ملم ابيض*,ابيض
5ملم ابيض*,ابيض
5ملم ابيض*,ابيض
5ملم ابيض*,ابيض
5ملم ابيض*,ابيض
5ملم ابيض*,ابيض
5ملم ابيض*,ابيض
5ملم ابيض*,ابيض
5ملم ابيض*,ابيض
5ملم ابيض*,ابيض
5ملم ابيض*,ابيض
5ملم ابيض*,ابيض
5ملم ابيض*,ابيض
5ملم ابيض*,ابيض
5.5ملم ابيض*,ابيض
5.5ملم ابيض*,ابيض
5.5ملم ابيض*,ابيض
5.5ملم ابيض*,ابيض
5.5ملم ابيض*,ابيض
5.5ملم ابيض*,ابيض
5.5ملم ابيض*,ابيض
5.5ملم ابيض*,ابيض
5.5ملم ابيض*,ابيض
5.5ملم ابيض*,ابيض
5.5ملم ابيض*,ابيض
5.5ملم ابيض*,ابيض
5.5ملم ابيض*,ابيض
5.5ملم ابيض*,ابيض
5.5ملم ابيض*,ابيض
5.5ملم ابيض*,ابيض
5.5ملم ابيض*,ابيض
5.5ملم ابيض*,ابيض
5.5ملم ابيض*,ابيض
5.5ملم ابيض*,ابيض
5.5ملم ابيض*,ابيض
5.5ملم ابيض*,ابيض
5.5ملم ابيض*,ابيض
5.5ملم ابيض*,ابيض
5.5ملم ابيض*,ابيض
5.5ملم ابيض*,ابيض
5.5ملم ابيض*,ابيض
5.5ملم ابيض*,ابيض
5.5ملم ابيض*,ابيض
5.5ملم ابيض*,ابيض
5.5ملم ابيض*,ابيض
5.5ملم ابيض*,ابيض
5.5ملم ابيض*,ابيض
5.5ملم ابيض*,ابيض
5.5ملم ابيض*,ابيض
5.5ملم ابيض*,ابيض
5.5ملم ابيض*,ابيض
5.5ملم ابيض*,ابيض
5.5ملم ابيض*,ابيض
5.5ملم ابيض*,ابيض
5.5ملم ابيض*,ابيض
5.5ملم ابيض*,ابيض
5.5ملم ابيض*,ابيض
5.5ملم ابيض*,ابيض
5.5ملم ابيض*,ابيض
5.5ملم ابيض*,ابيض
5.5ملم ابيض*,ابيض
5.5ملم ابيض*,ابيض
5.5ملم ابيض*,ابيض
5.5ملم ابيض*,ابيض
5.5ملم ابيض*,ابيض
5.5ملم ابيض*,ابيض
5.5ملم ابيض*,ابيض
5.5ملم ابيض*,ابيض
5.5ملم ابيض*,ابيض
5.5ملم ابيض*,ابيض
5.5ملم ابيض*,ابيض
5.5ملم ابيض*,ابيض
5.5ملم ابيض*,ابيض
5.5ملم ابيض*,ابيض
5.5ملم ابيض*,ابيض
5.5ملم ابيض*,ابيض
5.5ملم ابيض*,ابيض
5.5ملم ابيض*,ابيض
5.5ملم ابيض*,ابيض
5.5ملم ابيض*,ابيض
5.5ملم ابيض*,ابيض
5.5ملم ابيض*,ابيض
5.5ملم ابيض*,ابيض
5.5ملم ابيض*,ابيض
5.5ملم ابيض*,ابيض
5.5ملم ابيض*,ابيض
5.5ملم ابيض*,ابيض
5.5ملم ابيض*,ابيض
5.5ملم ابيض*,ابيض
5.5ملم ابيض*,ابيض
5.5ملم ابيض*,ابيض
5.5ملم ابيض*,ابيض
5.5ملم ابيض*,ابيض
5.5ملم ابيض*,ابيض
5.5ملم ابيض*,ابيض
5.5ملم ابيض*,ابيض
5.5ملم ابيض*,ابيض
5.5ملم ابيض*,ابيض
5.5ملم ابيض*,ابيض
5.5ملم ابيض*,ابيض
5.5ملم ابيض*,ابيض
5.5ملم ابيض*,ابيض
5.5ملم ابيض*,ابيض
5.5ملم ابيض*,ابيض
5.5ملم ابيض*,ابيض
5.5ملم ابيض*,ابيض
5.5ملم ابيض*,ابيض
5.5ملم ابيض*,ابيض
5.5ملم ابيض*,ابيض
5.5ملم ابيض*,ابيض
5.5ملم ابيض*,ابيض
5.5ملم ابيض*,ابيض
5.5ملم ابيض*,ابيض
5.5ملم ابيض*,ابيض
5.5ملم ابيض*,ابيض
5.5ملم ابيض*,ابيض
5.5ملم ابيض*,ابيض
5.5ملم ابيض*,ابيض
5.5ملم ابيض*,ابيض
5.5ملم ابيض*,ابيض
5.5ملم ابيض*,ابيض
5.5ملم ابيض*,ابيض
5.5ملم ابيض*,ابيض
5.5ملم ابيض*,ابيض
5.5ملم ابيض*,ابيض
5.5ملم ابيض*,ابيض
5.5ملم ابيض*,ابيض
5.5ملم ابيض*,ابيض
5.5ملم ابيض*,ابيض
5.5ملم ابيض*,ابيض
5.5ملم ابيض*,ابيض
5.5ملم ابيض*,ابيض
5.5ملم ابيض*,ابيض
5.5ملم ابيض*,ابيض
5.5ملم ابيض*,ابيض
5.5ملم ابيض*,ابيض
5.5ملم ابيض*,ابيض
5.5ملم ابيض*,ابيض
5.5ملم ابيض*,ابيض
5.5ملم ابيض*,ابيض
5.5ملم ابيض*,ابيض
5.5ملم ابيض*,ابيض
5.5ملم ابيض*,ابيض
5.5ملم ابيض*,ابيض
5.5ملم ابيض*,ابيض
5.5ملم ابيض*,ابيض
5.5ملم ابيض*,ابيض
5.5ملم ابيض*,ابيض
5.5ملم ابيض*,ابيض
5.5ملم ابيض*,ابيض
5.5ملم ابيض*,ابيض
5.5ملم ابيض*,ابيض
5.5ملم ابيض*,ابيض
5.5ملم ابيض*,ابيض
5.5ملم ابيض*,ابيض
5.5ملم ابيض*,ابيض
5.5ملم ابيض*,ابيض
5.5ملم ابيض*,ابيض
5.5ملم ابيض*,ابيض
5.5ملم ابيض*,ابيض
5.5ملم ابيض*,ابيض
5.5ملم ابيض*,ابيض
5.5ملم ابيض*,ابيض
5.5ملم ابيض*,ابيض
5.5ملم ابيض*,ابيض
5.5ملم ابيض*,ابيض
5.5ملم ابيض*,ابيض
5.5ملم ابيض*,ابيض
5.5ملم ابيض*,ابيض
5.5ملم ابيض*,ابيض
5.5ملم ابيض*,ابيض
5.5ملم ابيض*,ابيض
5.5ملم ابيض*,ابيض
5.5ملم ابيض*,ابيض
5.5ملم ابيض*,ابيض
5.5ملم ابيض*,ابيض
5.5ملم ابيض*,ابيض
5.5ملم ابيض*,ابيض
5.5ملم ابيض*,ابيض
5.5ملم ابيض*,ابيض
5.5ملم ابيض*,ابيض
5.5ملم ابيض*,ابيض
5.5ملم ابيض*,ابيض
5.5ملم ابيض*,ابيض
5.5ملم ابيض*,ابيض
5.5ملم ابيض*,ابيض
5.5ملم ابيض*,ابيض
5.5ملم ابيض*,ابيض
5.5ملم ابيض*,ابيض
5.5ملم ابيض*,ابيض
5.5ملم ابيض*,ابيض
5.5ملم ابيض*,ابيض
5.5ملم ابيض*,ابيض
5.5ملم ابيض*,ابيض
5.5ملم ابيض*,ابيض
5.5ملم ابيض*,ابيض
5.5ملم ابيض*,ابيض
5.5ملم ابيض*,ابيض
5.5ملم ابيض*,ابيض
5.5ملم ابيض*,ابيض
5.5ملم ابيض*,ابيض
5.5ملم ابيض*,ابيض
5.5ملم ابيض*,ابيض
5.5ملم ابيض*,ابيض
5.5ملم ابيض*,ابيض
5.5ملم ابيض*,ابيض
5.5ملم ابيض*,ابيض
5.5ملم ابيض*,ابيض
5.5ملم ابيض*,ابيض
5.5ملم ابيض*,ابيض
5.5ملم ابيض*,ابيض
5.5ملم ابيض*,ابيض
5.5ملم ابيض*,ابيض
5.5ملم ابيض*,ابيض
5.5ملم ابيض*,ابيض
5.5ملم ابيض*,ابيض
5.5ملم ابيض*,ابيض
5.5ملم ابيض*,ابيض
5.5ملم ابيض*,ابيض
5.5ملم ابيض*,ابيض
5.5ملم ابيض*,ابيض
5.5ملم ابيض*,ابيض
5.5ملم ابيض*,ابيض
5.5ملم ابيض*,ابيض
5.5ملم ابيض*,ابيض
5.5ملم ابيض*,ابيض
5.5ملم ابيض*,ابيض
5.5ملم ابيض*,ابيض
5.5ملم ابيض*,ابيض
5.5ملم ابيض*,ابيض
5.5ملم ابيض*,ابيض
5.5ملم ابيض*,ابيض
5.5ملم ابيض*,ابيض
5.5ملم ابيض*,ابيض
5.5ملم ابيض*,ابيض
5.5ملم ابيض*,ابيض
5.5ملم ابيض*,ابيض
5.5ملم ابيض*,ابيض
5.5ملم ابيض*,ابيض
5.5ملم ابيض*,ابيض
5.5ملم ابيض*,ابيض
5.5ملم ابيض*,ابيض
5.5ملم ابيض*,ابيض
5.5ملم ابيض*,ابيض
5.5ملم ابيض*,ابيض
5.5ملم ابيض*,ابيض
5.5ملم ابيض*,ابيض
5.5ملم ابيض*,ابيض
5.5ملم ابيض*,ابيض
5.5ملم ابيض*,ابيض
5.5ملم ابيض*,ابيض
5.5ملم ابيض*,ابيض
5.5ملم ابيض*,ابيض
5.5ملم ابيض*,ابيض
5.5ملم ابيض*,ابيض
5.5ملم ابيض*,ابيض
5.5ملم ابيض*,ابيض
5.5ملم ابيض*,ابيض
5.5ملم ابيض*,ابيض
5.5ملم ابيض*,ابيض
5.5ملم ابيض*,ابيض
5.5ملم ابيض*,ابيض
5.5ملم ابيض*,ابيض
5.5ملم ابيض*,ابيض
5.5ملم ابيض*,ابيض
5.5ملم ابيض*,ابيض
5.5ملم ابيض*,ابيض
5.5ملم ابيض*,ابيض
5.5ملم ابيض*,ابيض
5.5ملم ابيض*,ابيض
5.5ملم ابيض*,ابيض
5.5ملم ابيض*,ابيض
5.5ملم ابيض*,ابيض
5.5ملم ابيض*,ابيض
6ملم ابيض*,ابيض
6ملم ابيض*,ابيض
6ملم ابيض*,ابيض
6ملم ابيض*,ابيض
6ملم ابيض*,ابيض
6ملم ابيض*,ابيض
6ملم ابيض*,ابيض
6ملم ابيض*,ابيض
6ملم ابيض*,ابيض
6ملم ابيض*,ابيض
6ملم ابيض*,ابيض
6ملم ابيض*,ابيض
6ملم ابيض*,ابيض
6ملم ابيض*,ابيض
6ملم ابيض*,ابيض
6ملم ابيض*,ابيض
6ملم ابيض*,ابيض
6ملم ابيض*,ابيض
6ملم ابيض*,ابيض
6ملم ابيض*,ابيض
6ملم ابيض*,ابيض
6ملم ابيض*,ابيض
6ملم ابيض*,ابيض
6ملم ابيض*,ابيض
6ملم ابيض*,ابيض
6ملم ابيض*,ابيض
6ملم ابيض*,ابيض
6ملم ابيض*,ابيض
6ملم ابيض*,ابيض
6ملم ابيض*,ابيض
6ملم ابيض*,ابيض
6ملم ابيض*,ابيض
6ملم ابيض*,ابيض
6ملم ابيض*,ابيض
6ملم ابيض*,ابيض
6ملم ابيض*,ابيض
6ملم ابيض جامبو*,ابيض جامبو
6ملم ابيض جامبو*,ابيض جامبو
6ملم ابيض جامبو*,ابيض جامبو
6ملم ابيض جامبو*,ابيض جامبو
8ملم ابيض*,ابيض
8ملم ابيض*,ابيض
8ملم ابيض*,ابيض
8ملم ابيض*,ابيض
8ملم ابيض*,ابيض
8ملم ابيض*,ابيض
8ملم ابيض*,ابيض
8ملم ابيض*,ابيض
8ملم ابيض*,ابيض
8ملم ابيض*,ابيض
8ملم ابيض*,ابيض
8ملم ابيض*,ابيض
8ملم ابيض*,ابيض
8ملم ابيض*,ابيض
8ملم ابيض*,ابيض
8ملم ابيض*,ابيض
8ملم ابيض*,ابيض
8ملم ابيض*,ابيض
8ملم ابيض*,ابيض
8ملم ابيض*,ابيض
8ملم ابيض*,ابيض
8ملم ابيض*,ابيض
8ملم ابيض*,ابيض
8ملم ابيض*,ابيض
8ملم ابيض*,ابيض
8ملم ابيض*,ابيض
8ملم ابيض*,ابيض
8ملم ابيض*,ابيض
8ملم ابيض*,ابيض
8ملم ابيض*,ابيض
8ملم ابيض*,ابيض
8ملم ابيض*,ابيض
8ملم ابيض*,ابيض
8ملم ابيض*,ابيض
8ملم ابيض*,ابيض
8ملم ابيض*,ابيض
8ملم ابيض*,ابيض
8ملم ابيض*,ابيض
8ملم ابيض*,ابيض
8ملم ابيض*,ابيض
8ملم ابيض*,ابيض
8ملم ابيض*,ابيض
8ملم ابيض*,ابيض
8ملم ابيض*,ابيض
8ملم ابيض*,ابيض
8ملم ابيض*,ابيض
8ملم ابيض*,ابيض
8ملم ابيض*,ابيض
8ملم ابيض*,ابيض
8ملم ابيض*,ابيض
8ملم ابيض*,ابيض
8ملم ابيض*,ابيض
8ملم ابيض*,ابيض
8ملم ابيض*,ابيض
8ملم ابيض*,ابيض
8ملم ابيض*,ابيض
8ملم ابيض*,ابيض
8ملم ابيض*,ابيض
8ملم ابيض*,ابيض
8ملم ابيض*,ابيض
8ملم ابيض*,ابيض
8ملم ابيض*,ابيض
8ملم ابيض*,ابيض
8ملم ابيض*,ابيض
8ملم ابيض*,ابيض
8ملم ابيض*,ابيض
8ملم ابيض*,ابيض
8ملم ابيض*,ابيض
8ملم ابيض*,ابيض
8ملم ابيض*,ابيض
8ملم ابيض*,ابيض
8ملم ابيض*,ابيض
8ملم ابيض*,ابيض
8ملم ابيض*,ابيض
8ملم ابيض*,ابيض
8ملم ابيض*,ابيض
8ملم ابيض*,ابيض
8ملم ابيض*,ابيض
8ملم ابيض*,ابيض
8ملم ابيض*,ابيض
8ملم ابيض*,ابيض
8ملم ابيض*,ابيض
8ملم ابيض*,ابيض
8ملم ابيض*,ابيض
8ملم ابيض*,ابيض
8ملم ابيض*,ابيض
8ملم ابيض*,ابيض
8ملم ابيض*,ابيض
8ملم ابيض*,ابيض
8ملم ابيض*,ابيض
8ملم ابيض*,ابيض
8ملم ابيض*,ابيض
8ملم ابيض*,ابيض
8ملم ابيض*,ابيض
8ملم ابيض*,ابيض
8ملم ابيض*,ابيض
8ملم ابيض*,ابيض
8ملم ابيض*,ابيض
8ملم ابيض*,ابيض
8ملم ابيض*,ابيض
8ملم ابيض*,ابيض
8ملم ابيض*,ابيض
8ملم ابيض*,ابيض
8ملم ابيض*,ابيض
8ملم ابيض*,ابيض
8ملم ابيض*,ابيض
8ملم ابيض*,ابيض
8ملم ابيض*,ابيض
8ملم ابيض*,ابيض
8ملم ابيض*,ابيض
8ملم ابيض*,ابيض
8ملم ابيض*,ابيض
8ملم ابيض*,ابيض
8ملم ابيض*,ابيض
8ملم ابيض*,ابيض
8ملم ابيض*,ابيض
8ملم ابيض*,ابيض
8ملم ابيض*,ابيض
8ملم ابيض*,ابيض
8ملم ابيض*,ابيض
8ملم ابيض*,ابيض
8ملم ابيض*,ابيض
8ملم ابيض*,ابيض
8ملم ابيض*,ابيض
8ملم ابيض*,ابيض
8ملم ابيض*,ابيض
8ملم ابيض*,ابيض
8ملم ابيض*,ابيض
8ملم ابيض*,ابيض
8ملم ابيض*,ابيض
8ملم ابيض*,ابيض
8ملم ابيض*,ابيض
8ملم ابيض*,ابيض
8ملم ابيض*,ابيض
8ملم ابيض*,ابيض
8ملم ابيض*,ابيض
8ملم ابيض*,ابيض
8ملم ابيض*,ابيض
8ملم ابيض*,ابيض
8ملم ابيض*,ابيض
8ملم ابيض جامبو*,ابيض جامبو
8ملم ابيض جامبو*,ابيض جامبو
8ملم ابيض جامبو*,ابيض جامبو
8ملم ابيض جامبو*,ابيض جامبو
8ملم ابيض جامبو*,ابيض جامبو
8ملم ابيض جامبو*,ابيض جامبو
8ملم ابيض جامبو*,ابيض جامبو
8ملم ابيض جامبو*,ابيض جامبو
8ملم ابيض جامبو*,ابيض جامبو
8ملم ابيض جامبو*,ابيض جامبو
8ملم ابيض جامبو*,ابيض جامبو
8ملم ابيض جامبو*,ابيض جامبو
8ملم ابيض جامبو*,ابيض جامبو
10ملم ابيض*,ابيض
10ملم ابيض*,ابيض
10ملم ابيض*,ابيض
10ملم ابيض*,ابيض
10ملم ابيض*,ابيض
10ملم ابيض*,ابيض
10ملم ابيض*,ابيض
10ملم ابيض*,ابيض
10ملم ابيض*,ابيض
10ملم ابيض*,ابيض
10ملم ابيض*,ابيض
10ملم ابيض*,ابيض
10ملم ابيض*,ابيض
10ملم ابيض*,ابيض
10ملم ابيض*,ابيض
10ملم ابيض*,ابيض
10ملم ابيض*,ابيض
10ملم ابيض*,ابيض
10ملم ابيض*,ابيض
10ملم ابيض*,ابيض
10ملم ابيض*,ابيض
10ملم ابيض*,ابيض
10ملم ابيض*,ابيض
10ملم ابيض*,ابيض
10ملم ابيض*,ابيض
10ملم ابيض*,ابيض
10ملم ابيض*,ابيض
10ملم ابيض*,ابيض
10ملم ابيض*,ابيض
10ملم ابيض*,ابيض
10ملم ابيض*,ابيض
10ملم ابيض*,ابيض
10ملم ابيض*,ابيض
10ملم ابيض*,ابيض
10ملم ابيض*,ابيض
10ملم ابيض*,ابيض
10ملم ابيض*,ابيض
10ملم ابيض*,ابيض
10ملم ابيض*,ابيض
10ملم ابيض*,ابيض
10ملم ابيض*,ابيض
10ملم ابيض*,ابيض
10ملم ابيض*,ابيض
10ملم ابيض*,ابيض
10ملم ابيض*,ابيض
10ملم ابيض*,ابيض
10ملم ابيض*,ابيض
10ملم ابيض*,ابيض
10ملم ابيض*,ابيض
10ملم ابيض*,ابيض
10ملم ابيض*,ابيض
10ملم ابيض*,ابيض
10ملم ابيض*,ابيض
10ملم ابيض*,ابيض
10ملم ابيض*,ابيض
10ملم ابيض*,ابيض
10ملم ابيض*,ابيض
10ملم ابيض*,ابيض
10ملم ابيض*,ابيض
10ملم ابيض*,ابيض
10ملم ابيض*,ابيض
10ملم ابيض*,ابيض
10ملم ابيض*,ابيض
10ملم ابيض*,ابيض
10ملم ابيض*,ابيض
10ملم ابيض*,ابيض
10ملم ابيض*,ابيض
10ملم ابيض*,ابيض
10ملم ابيض*,ابيض
10ملم ابيض*,ابيض
10ملم ابيض*,ابيض
10ملم ابيض*,ابيض
10ملم ابيض*,ابيض
10ملم ابيض*,ابيض
10ملم ابيض*,ابيض
10ملم ابيض*,ابيض
10ملم ابيض*,ابيض
10ملم ابيض*,ابيض
10ملم ابيض*,ابيض
10ملم ابيض*,ابيض
10ملم ابيض*,ابيض
10ملم ابيض*,ابيض
10ملم ابيض*,ابيض
10ملم ابيض*,ابيض
10ملم ابيض*,ابيض
10ملم ابيض*,ابيض
10ملم ابيض*,ابيض
10ملم ابيض*,ابيض
10ملم ابيض*,ابيض
10ملم ابيض*,ابيض
10ملم ابيض*,ابيض
10ملم ابيض*,ابيض
10ملم ابيض*,ابيض
10ملم ابيض*,ابيض
10ملم ابيض*,ابيض
10ملم ابيض*,ابيض
10ملم ابيض*,ابيض
10ملم ابيض*,ابيض
10ملم ابيض*,ابيض
10ملم ابيض*,ابيض
10ملم ابيض*,ابيض
10ملم ابيض*,ابيض
10ملم ابيض*,ابيض
10ملم ابيض*,ابيض
10ملم ابيض*,ابيض
10ملم ابيض*,ابيض
10ملم ابيض*,ابيض
10ملم ابيض*,ابيض
10ملم ابيض*,ابيض
10ملم ابيض*,ابيض
10ملم ابيض*,ابيض
10ملم ابيض*,ابيض
10ملم ابيض*,ابيض
10ملم ابيض*,ابيض
10ملم ابيض*,ابيض
10ملم ابيض*,ابيض
10ملم ابيض*,ابيض
10ملم ابيض*,ابيض
10ملم ابيض*,ابيض
10ملم ابيض*,ابيض
10ملم ابيض*,ابيض
10ملم ابيض*,ابيض
10ملم ابيض*,ابيض
10ملم ابيض*,ابيض
10ملم ابيض*,ابيض
10ملم ابيض*,ابيض
10ملم ابيض*,ابيض
10ملم ابيض*,ابيض
10ملم ابيض*,ابيض
10ملم ابيض*,ابيض
10ملم ابيض*,ابيض
10ملم ابيض*,ابيض
10ملم ابيض*,ابيض
10ملم ابيض*,ابيض
10ملم ابيض*,ابيض
10ملم ابيض*,ابيض
10ملم ابيض*,ابيض
10ملم ابيض جامبو*,ابيض جامبو
10ملم ابيض جامبو*,ابيض جامبو
10ملم ابيض جامبو*,ابيض جامبو
10ملم ابيض جامبو*,ابيض جامبو
10ملم ابيض جامبو*,ابيض جامبو
10ملم ابيض جامبو*,ابيض جامبو
10ملم ابيض جامبو*,ابيض جامبو
10ملم ابيض جامبو*,ابيض جامبو
10ملم ابيض جامبو*,ابيض جامبو
10ملم ابيض جامبو*,ابيض جامبو
10ملم ابيض جامبو*,ابيض جامبو
10ملم ابيض جامبو*,ابيض جامبو
10ملم ابيض جامبو*,ابيض جامبو
12ملم ابيض*,ابيض
12ملم ابيض*,ابيض
12ملم ابيض*,ابيض
12ملم ابيض*,ابيض
12ملم ابيض*,ابيض
12ملم ابيض*,ابيض
12ملم ابيض*,ابيض
12ملم ابيض*,ابيض
12ملم ابيض*,ابيض
12ملم ابيض*,ابيض
12ملم ابيض*,ابيض
12ملم ابيض*,ابيض
12ملم ابيض*,ابيض
12ملم ابيض*,ابيض
12ملم ابيض*,ابيض
12ملم ابيض*,ابيض
12ملم ابيض*,ابيض
12ملم ابيض*,ابيض
12ملم ابيض*,ابيض
12ملم ابيض*,ابيض
12ملم ابيض*,ابيض
12ملم ابيض*,ابيض
12ملم ابيض*,ابيض
12ملم ابيض*,ابيض
12ملم ابيض*,ابيض
12ملم ابيض*,ابيض
12ملم ابيض*,ابيض
12ملم ابيض*,ابيض
12ملم ابيض*,ابيض
12ملم ابيض*,ابيض
12ملم ابيض*,ابيض
12ملم ابيض*,ابيض
12ملم ابيض*,ابيض
12ملم ابيض*,ابيض
12ملم ابيض*,ابيض
12ملم ابيض*,ابيض
12ملم ابيض*,ابيض
12ملم ابيض*,ابيض
12ملم ابيض*,ابيض
12ملم ابيض*,ابيض
12ملم ابيض*,ابيض
12ملم ابيض*,ابيض
12ملم ابيض*,ابيض
12ملم ابيض*,ابيض
12ملم ابيض*,ابيض
12ملم ابيض*,ابيض
12ملم ابيض*,ابيض
12ملم ابيض*,ابيض
12ملم ابيض*,ابيض
12ملم ابيض*,ابيض
12ملم ابيض*,ابيض
12ملم ابيض*,ابيض
12ملم ابيض*,ابيض
12ملم ابيض*,ابيض
12ملم ابيض*,ابيض
12ملم ابيض*,ابيض
12ملم ابيض*,ابيض
12ملم ابيض*,ابيض
12ملم ابيض*,ابيض
12ملم ابيض*,ابيض
12ملم ابيض*,ابيض
12ملم ابيض*,ابيض
12ملم ابيض*,ابيض
12ملم ابيض*,ابيض
12ملم ابيض*,ابيض
12ملم ابيض*,ابيض
12ملم ابيض*,ابيض
12ملم ابيض*,ابيض
12ملم ابيض*,ابيض
12ملم ابيض*,ابيض
12ملم ابيض*,ابيض
12ملم ابيض*,ابيض
12ملم ابيض*,ابيض
12ملم ابيض*,ابيض
12ملم ابيض*,ابيض
12ملم ابيض*,ابيض
12ملم ابيض*,ابيض
12ملم ابيض*,ابيض
12ملم ابيض*,ابيض
12ملم ابيض*,ابيض
12ملم ابيض*,ابيض
12ملم ابيض*,ابيض
12ملم ابيض*,ابيض
12ملم ابيض*,ابيض
12ملم ابيض*,ابيض
12ملم ابيض*,ابيض
12ملم ابيض*,ابيض
12ملم ابيض*,ابيض
12ملم ابيض*,ابيض
12ملم ابيض*,ابيض
12ملم ابيض*,ابيض
12ملم ابيض*,ابيض
12ملم ابيض*,ابيض
12ملم ابيض*,ابيض
12ملم ابيض*,ابيض
12ملم ابيض*,ابيض
12ملم ابيض*,ابيض
12ملم ابيض*,ابيض
12ملم ابيض*,ابيض
12ملم ابيض*,ابيض
12ملم ابيض*,ابيض
12ملم ابيض*,ابيض
12ملم ابيض*,ابيض
12ملم ابيض*,ابيض
12ملم ابيض*,ابيض
12ملم ابيض*,ابيض
12ملم ابيض*,ابيض
12ملم ابيض*,ابيض
12ملم ابيض*,ابيض
12ملم ابيض*,ابيض
12ملم ابيض*,ابيض
12ملم ابيض*,ابيض
12ملم ابيض*,ابيض
12ملم ابيض*,ابيض
12ملم ابيض*,ابيض
12ملم ابيض*,ابيض
12ملم ابيض*,ابيض
12ملم ابيض جامبو*,ابيض جامبو
12ملم ابيض جامبو*,ابيض جامبو
12ملم ابيض جامبو*,ابيض جامبو
12ملم ابيض جامبو*,ابيض جامبو
12ملم ابيض جامبو*,ابيض جامبو
12ملم ابيض جامبو*,ابيض جامبو
12ملم ابيض جامبو*,ابيض جامبو
12ملم ابيض جامبو*,ابيض جامبو
12ملم ابيض جامبو*,ابيض جامبو
12ملم ابيض جامبو*,ابيض جامبو
12ملم ابيض جامبو*,ابيض جامبو
15ملم ابيض*,ابيض
15ملم ابيض*,ابيض
15ملم ابيض*,ابيض
15ملم ابيض*,ابيض
15ملم ابيض*,ابيض
15ملم ابيض*,ابيض
15ملم ابيض*,ابيض
15ملم ابيض*,ابيض
15ملم ابيض*,ابيض
15ملم ابيض*,ابيض
15ملم ابيض*,ابيض
15ملم ابيض*,ابيض
15ملم ابيض*,ابيض
15ملم ابيض*,ابيض
15ملم ابيض*,ابيض
15ملم ابيض*,ابيض
15ملم ابيض*,ابيض
15ملم ابيض*,ابيض
15ملم ابيض*,ابيض
15ملم ابيض*,ابيض
15ملم ابيض*,ابيض
15ملم ابيض*,ابيض
15ملم ابيض*,ابيض
15ملم ابيض*,ابيض
15ملم ابيض*,ابيض
15ملم ابيض*,ابيض
15ملم ابيض*,ابيض
15ملم ابيض*,ابيض
15ملم ابيض*,ابيض
15ملم ابيض*,ابيض
15ملم ابيض*,ابيض
15ملم ابيض*,ابيض
15ملم ابيض*,ابيض
15ملم ابيض*,ابيض
15ملم ابيض*,ابيض
15ملم ابيض*,ابيض
15ملم ابيض*,ابيض
15ملم ابيض*,ابيض
15ملم ابيض*,ابيض
15ملم ابيض*,ابيض
15ملم ابيض*,ابيض
15ملم ابيض*,ابيض
15ملم ابيض*,ابيض
15ملم ابيض*,ابيض
15ملم ابيض*,ابيض
15ملم ابيض*,ابيض
15ملم ابيض*,ابيض
15ملم ابيض*,ابيض
15ملم ابيض*,ابيض
15ملم ابيض*,ابيض
15ملم ابيض*,ابيض
15ملم ابيض*,ابيض
15ملم ابيض*,ابيض
15ملم ابيض*,ابيض
15ملم ابيض*,ابيض
15ملم ابيض*,ابيض
15ملم ابيض*,ابيض
15ملم ابيض*,ابيض
15ملم ابيض*,ابيض
15ملم ابيض*,ابيض
15ملم ابيض*,ابيض
15ملم ابيض*,ابيض
15ملم ابيض*,ابيض
15ملم ابيض*,ابيض
19ملم ابيض*,ابيض
19ملم ابيض*,ابيض
19ملم ابيض*,ابيض
19ملم ابيض*,ابيض
19ملم ابيض*,ابيض
19ملم ابيض*,ابيض
19ملم ابيض*,ابيض
19ملم ابيض*,ابيض
19ملم ابيض*,ابيض
19ملم ابيض*,ابيض
19ملم ابيض*,ابيض
19ملم ابيض*,ابيض
19ملم ابيض*,ابيض
19ملم ابيض*,ابيض
19ملم ابيض*,ابيض
19ملم ابيض*,ابيض
19ملم ابيض*,ابيض
19ملم ابيض*,ابيض
19ملم ابيض*,ابيض
19ملم ابيض*,ابيض
19ملم ابيض*,ابيض
19ملم ابيض*,ابيض
19ملم ابيض*,ابيض
4ملم اسود*,اسود
4ملم اسود*,اسود
4ملم اسود*,اسود
4ملم اسود*,اسود
4ملم اسود*,اسود
4ملم اسود*,اسود
4ملم اسود*,اسود
4ملم اسود*,اسود
4ملم اسود*,اسود
4ملم اسود*,اسود
5ملم اسود*,اسود
5ملم اسود*,اسود
5ملم اسود*,اسود
5ملم اسود*,اسود
5ملم اسود*,اسود
5ملم اسود*,اسود
5ملم اسود*,اسود
5ملم اسود*,اسود
5ملم اسود*,اسود
5.5ملم اسود*,اسود
5.5ملم اسود*,اسود
5.5ملم اسود*,اسود
5.5ملم اسود*,اسود
5.5ملم اسود*,اسود
5.5ملم اسود*,اسود
5.5ملم اسود*,اسود
5.5ملم اسود*,اسود
5.5ملم اسود*,اسود
5.5ملم اسود*,اسود
5.5ملم اسود*,اسود
5.5ملم اسود*,اسود
5.5ملم اسود*,اسود
5.5ملم اسود*,اسود
5.5ملم اسود*,اسود
5.5ملم اسود*,اسود
5.5ملم اسود*,اسود
5.5ملم اسود*,اسود
5.5ملم اسود*,اسود
5.5ملم اسود*,اسود
5.5ملم اسود*,اسود
5.5ملم اسود*,اسود
5.5ملم اسود*,اسود
5.5ملم اسود*,اسود
5.5ملم اسود*,اسود
5.5ملم اسود*,اسود
5.5ملم اسود*,اسود
5.5ملم اسود*,اسود
5.5ملم اسود*,اسود
5.5ملم اسود*,اسود
5.5ملم اسود*,اسود
5.5ملم اسود*,اسود
5.5ملم اسود*,اسود
5.5ملم اسود*,اسود
5.5ملم اسود*,اسود
5.5ملم اسود*,اسود
5.5ملم اسود*,اسود
5.5ملم اسود*,اسود
5.5ملم اسود*,اسود
5.5ملم اسود*,اسود
5.5ملم اسود*,اسود
5.5ملم اسود*,اسود
5.5ملم اسود*,اسود
5.5ملم اسود*,اسود
5.5ملم اسود*,اسود
5.5ملم اسود*,اسود
5.5ملم اسود*,اسود
5.5ملم اسود*,اسود
5.5ملم اسود*,اسود
5.5ملم اسود*,اسود
5.5ملم اسود*,اسود
5.5ملم اسود*,اسود
5.5ملم اسود*,اسود
5.5ملم اسود*,اسود
5.5ملم اسود*,اسود
5.5ملم اسود*,اسود
5.5ملم اسود*,اسود
5.5ملم اسود*,اسود
5.5ملم اسود*,اسود
5.5ملم اسود*,اسود
5.5ملم اسود*,اسود
5.5ملم اسود*,اسود
5.5ملم اسود*,اسود
5.5ملم اسود*,اسود
5.5ملم اسود*,اسود
5.5ملم اسود*,اسود
5.5ملم اسود*,اسود
5.5ملم اسود*,اسود
5.5ملم اسود*,اسود
5.5ملم اسود*,اسود
5.5ملم اسود*,اسود
5.5ملم اسود*,اسود
5.5ملم اسود*,اسود
5.5ملم اسود*,اسود
5.5ملم اسود*,اسود
5.5ملم اسود*,اسود
5.5ملم اسود*,اسود
5.5ملم اسود*,اسود
5.5ملم اسود*,اسود
5.5ملم اسود*,اسود
5.5ملم اسود*,اسود
5.5ملم اسود*,اسود
5.5ملم اسود*,اسود
5.5ملم اسود*,اسود
5.5ملم اسود*,اسود
5.5ملم اسود*,اسود
5.5ملم اسود*,اسود
5.5ملم اسود*,اسود
5.5ملم اسود*,اسود
5.5ملم اسود*,اسود
5.5ملم اسود*,اسود
5.5ملم اسود*,اسود
5.5ملم اسود*,اسود
5.5ملم اسود*,اسود
5.5ملم اسود*,اسود
5.5ملم اسود*,اسود
5.5ملم اسود*,اسود
5.5ملم اسود*,اسود
5.5ملم اسود*,اسود
6ملم اسود*,اسود
6ملم اسود*,اسود
6ملم اسود*,اسود
8ملم اسود*,اسود
8ملم اسود*,اسود
8ملم اسود*,اسود
8ملم اسود*,اسود
8ملم اسود*,اسود
8ملم اسود*,اسود
8ملم اسود*,اسود
8ملم اسود*,اسود
8ملم اسود*,اسود
8ملم اسود*,اسود
8ملم اسود*,اسود
8ملم اسود*,اسود
8ملم اسود*,اسود
8ملم اسود*,اسود
8ملم اسود*,اسود
8ملم اسود*,اسود
8ملم اسود*,اسود
10ملم اسود*,اسود
10ملم اسود*,اسود
10ملم اسود*,اسود
10ملم اسود*,اسود
10ملم اسود*,اسود
10ملم اسود*,اسود
10ملم اسود*,اسود
10ملم اسود*,اسود
10ملم اسود*,اسود
10ملم اسود*,اسود
10ملم اسود*,اسود
10ملم اسود*,اسود
10ملم اسود*,اسود
10ملم اسود*,اسود
10ملم اسود*,اسود
10ملم اسود*,اسود
10ملم اسود*,اسود
10ملم اسود*,اسود
10ملم اسود*,اسود
10ملم اسود*,اسود
10ملم اسود*,اسود
10ملم اسود*,اسود
12ملم اسود*,اسود
12ملم اسود*,اسود
12ملم اسود*,اسود
12ملم اسود*,اسود
12ملم اسود*,اسود
12ملم اسود*,اسود
12ملم اسود*,اسود
12ملم اسود*,اسود
12ملم اسود*,اسود
12ملم اسود*,اسود
12ملم اسود*,اسود
12ملم اسود*,اسود
12ملم اسود*,اسود
3ملم برونز*,برونز
3ملم برونز*,برونز
3ملم برونز*,برونز
3ملم برونز*,برونز
3ملم برونز*,برونز
3ملم برونز*,برونز
3ملم برونز*,برونز
3ملم برونز*,برونز
3ملم برونز*,برونز
3.7ملم برونز*,برونز
3.7ملم برونز*,برونز
3.7ملم برونز*,برونز
4ملم برونز*,برونز
4ملم برونز*,برونز
4ملم برونز*,برونز
4ملم برونز*,برونز
4ملم برونز*,برونز
4ملم برونز*,برونز
4ملم برونز*,برونز
4ملم برونز*,برونز
5ملم برونز*,برونز
5ملم برونز*,برونز
5ملم برونز*,برونز
5ملم برونز*,برونز
5ملم برونز*,برونز
5ملم برونز*,برونز
5ملم برونز*,برونز
5ملم برونز*,برونز
5ملم برونز*,برونز
5ملم برونز*,برونز
5ملم برونز*,برونز
5ملم برونز*,برونز
5ملم برونز*,برونز
5ملم برونز*,برونز
5ملم برونز*,برونز
5ملم برونز*,برونز
5ملم برونز*,برونز
5ملم برونز*,برونز
5.5ملم برونز*,برونز
5.5ملم برونز*,برونز
5.5ملم برونز*,برونز
5.5ملم برونز*,برونز
5.5ملم برونز*,برونز
5.5ملم برونز*,برونز
5.5ملم برونز*,برونز
5.5ملم برونز*,برونز
5.5ملم برونز*,برونز
5.5ملم برونز*,برونز
5.5ملم برونز*,برونز
5.5ملم برونز*,برونز
5.5ملم برونز*,برونز
5.5ملم برونز*,برونز
5.5ملم برونز*,برونز
5.5ملم برونز*,برونز
5.5ملم برونز*,برونز
5.5ملم برونز*,برونز
5.5ملم برونز*,برونز
5.5ملم برونز*,برونز
5.5ملم برونز*,برونز
5.5ملم برونز*,برونز
5.5ملم برونز*,برونز
5.5ملم برونز*,برونز
5.5ملم برونز*,برونز
5.5ملم برونز*,برونز
5.5ملم برونز*,برونز
5.5ملم برونز*,برونز
5.5ملم برونز*,برونز
5.5ملم برونز*,برونز
5.5ملم برونز*,برونز
5.5ملم برونز*,برونز
5.5ملم برونز*,برونز
5.5ملم برونز*,برونز
5.5ملم برونز*,برونز
5.5ملم برونز*,برونز
5.5ملم برونز*,برونز
5.5ملم برونز*,برونز
5.5ملم برونز*,برونز
5.5ملم برونز*,برونز
5.5ملم برونز*,برونز
5.5ملم برونز*,برونز
5.5ملم برونز*,برونز
5.5ملم برونز*,برونز
5.5ملم برونز*,برونز
5.5ملم برونز*,برونز
5.5ملم برونز*,برونز
5.5ملم برونز*,برونز
5.5ملم برونز*,برونز
5.5ملم برونز*,برونز
5.5ملم برونز*,برونز
5.5ملم برونز*,برونز
5.5ملم برونز*,برونز
5.5ملم برونز*,برونز
5.5ملم برونز*,برونز
5.5ملم برونز*,برونز
5.5ملم برونز*,برونز
5.5ملم برونز*,برونز
5.5ملم برونز*,برونز
5.5ملم برونز*,برونز
5.5ملم برونز*,برونز
5.5ملم برونز*,برونز
5.5ملم برونز*,برونز
5.5ملم برونز*,برونز
5.5ملم برونز*,برونز
5.5ملم برونز*,برونز
5.5ملم برونز*,برونز
5.5ملم برونز*,برونز
5.5ملم برونز*,برونز
5.5ملم برونز*,برونز
5.5ملم برونز*,برونز
5.5ملم برونز*,برونز
5.5ملم برونز*,برونز
5.5ملم برونز*,برونز
5.5ملم برونز*,برونز
5.5ملم برونز*,برونز
5.5ملم برونز*,برونز
5.5ملم برونز*,برونز
5.5ملم برونز*,برونز
5.5ملم برونز*,برونز
5.5ملم برونز*,برونز
5.5ملم برونز*,برونز
5.5ملم برونز*,برونز
5.5ملم برونز*,برونز
5.5ملم برونز*,برونز
5.5ملم برونز*,برونز
5.5ملم برونز*,برونز
5.5ملم برونز*,برونز
5.5ملم برونز*,برونز
5.5ملم برونز*,برونز
5.5ملم برونز*,برونز
5.5ملم برونز*,برونز
5.5ملم برونز*,برونز
5.5ملم برونز*,برونز
5.5ملم برونز*,برونز
5.5ملم برونز*,برونز
5.5ملم برونز*,برونز
5.5ملم برونز*,برونز
5.5ملم برونز*,برونز
5.5ملم برونز*,برونز
5.5ملم برونز*,برونز
5.5ملم برونز*,برونز
5.5ملم برونز*,برونز
5.5ملم برونز*,برونز
6ملم برونز*,برونز
6ملم برونز*,برونز
6ملم برونز*,برونز
6ملم برونز*,برونز
6ملم برونز*,برونز
6ملم برونز*,برونز
6ملم برونز*,برونز
6ملم برونز*,برونز
6ملم برونز*,برونز
6ملم برونز*,برونز
6ملم برونز*,برونز
6ملم برونز*,برونز
8ملم برونز*,برونز
8ملم برونز*,برونز
8ملم برونز*,برونز
8ملم برونز*,برونز
8ملم برونز*,برونز
8ملم برونز*,برونز
8ملم برونز*,برونز
8ملم برونز*,برونز
8ملم برونز*,برونز
8ملم برونز*,برونز
8ملم برونز*,برونز
8ملم برونز*,برونز
8ملم برونز*,برونز
8ملم برونز*,برونز
8ملم برونز*,برونز
8ملم برونز*,برونز
8ملم برونز*,برونز
8ملم برونز*,برونز
8ملم برونز*,برونز
8ملم برونز*,برونز
8ملم برونز*,برونز
8ملم برونز*,برونز
8ملم برونز*,برونز
8ملم برونز*,برونز
10ملم برونز*,برونز
10ملم برونز*,برونز
10ملم برونز*,برونز
10ملم برونز*,برونز
10ملم برونز*,برونز
10ملم برونز*,برونز
10ملم برونز*,برونز
10ملم برونز*,برونز
10ملم برونز*,برونز
10ملم برونز*,برونز
10ملم برونز*,برونز
10ملم برونز*,برونز
10ملم برونز*,برونز
10ملم برونز*,برونز
10ملم برونز*,برونز
10ملم برونز*,برونز
10ملم برونز*,برونز
10ملم برونز*,برونز
10ملم برونز*,برونز
10ملم برونز*,برونز
10ملم برونز*,برونز
10ملم برونز*,برونز
10ملم برونز*,برونز
10ملم برونز*,برونز
10ملم برونز*,برونز
10ملم برونز*,برونز
12ملم برونز*,برونز
12ملم برونز*,برونز
12ملم برونز*,برونز
12ملم برونز*,برونز
12ملم برونز*,برونز
12ملم برونز*,برونز
12ملم برونز*,برونز
5.5ملم اخضر فاتح*,اخضر فاتح
5.5ملم اخضر فاتح*,اخضر فاتح
5.5ملم اخضر فاتح*,اخضر فاتح
5.5ملم اخضر فاتح*,اخضر فاتح
5.5ملم اخضر فاتح*,اخضر فاتح
5.5ملم اخضر فاتح*,اخضر فاتح
5.5ملم اخضر فاتح*,اخضر فاتح
5.5ملم اخضر فاتح*,اخضر فاتح
5.5ملم اخضر فاتح*,اخضر فاتح
5.5ملم اخضر فاتح*,اخضر فاتح
5.5ملم اخضر فاتح*,اخضر فاتح
5.5ملم اخضر فاتح*,اخضر فاتح
5.5ملم اخضر فاتح*,اخضر فاتح
5.5ملم اخضر فاتح*,اخضر فاتح
5.5ملم اخضر فاتح*,اخضر فاتح
5.5ملم اخضر فاتح*,اخضر فاتح
5.5ملم اخضر فاتح*,اخضر فاتح
5.5ملم اخضر فاتح*,اخضر فاتح
5.5ملم اخضر فاتح*,اخضر فاتح
5.5ملم اخضر فاتح*,اخضر فاتح
5.5ملم اخضر فاتح*,اخضر فاتح
5.5ملم اخضر فاتح*,اخضر فاتح
5.5ملم اخضر فاتح*,اخضر فاتح
5.5ملم اخضر فاتح*,اخضر فاتح
5.5ملم اخضر فاتح*,اخضر فاتح
5.5ملم اخضر فاتح*,اخضر فاتح
5.5ملم اخضر فاتح*,اخضر فاتح
5.5ملم اخضر فاتح*,اخضر فاتح
5.5ملم اخضر فاتح*,اخضر فاتح
5.5ملم اخضر فاتح*,اخضر فاتح
8ملم اخضر فاتح*,اخضر فاتح
8ملم اخضر فاتح*,اخضر فاتح
8ملم اخضر فاتح*,اخضر فاتح
8ملم اخضر فاتح*,اخضر فاتح
8ملم اخضر فاتح*,اخضر فاتح
8ملم اخضر فاتح*,اخضر فاتح
8ملم اخضر فاتح*,اخضر فاتح
8ملم اخضر فاتح*,اخضر فاتح
8ملم اخضر فاتح*,اخضر فاتح
8ملم اخضر فاتح*,اخضر فاتح
8ملم اخضر فاتح*,اخضر فاتح
8ملم اخضر فاتح*,اخضر فاتح
8ملم اخضر فاتح*,اخضر فاتح
10ملم اخضر فاتح*,اخضر فاتح
10ملم اخضر فاتح*,اخضر فاتح
10ملم اخضر فاتح*,اخضر فاتح
10ملم اخضر فاتح*,اخضر فاتح
10ملم اخضر فاتح*,اخضر فاتح
10ملم اخضر فاتح*,اخضر فاتح
10ملم اخضر فاتح*,اخضر فاتح
10ملم اخضر فاتح*,اخضر فاتح
10ملم اخضر فاتح*,اخضر فاتح
10ملم اخضر فاتح*,اخضر فاتح
12ملم اخضر فاتح*,اخضر فاتح
12ملم اخضر فاتح*,اخضر فاتح
12ملم اخضر فاتح*,اخضر فاتح
12ملم اخضر فاتح*,اخضر فاتح
12ملم اخضر فاتح*,اخضر فاتح
5ملم اخضر غامق*,اخضر غامق
5.3ملم اخضر غامق*,اخضر غامق
5.3ملم عاكس اخضر غامق*,عاكس اخضر غامق
5.3ملم اخضر غامق*,اخضر غامق
5.3ملم اخضر غامق*,اخضر غامق
5.5ملم اخضر غامق*,اخضر غامق
5.5ملم اخضر غامق*,اخضر غامق
5.5ملم اخضر غامق*,اخضر غامق
5.5ملم اخضر *,اخضر
5.5ملم اخضر غامق*,اخضر غامق
5.5ملم اخضر *,اخضر
5.5ملم اخضر غامق*,اخضر غامق
5.5ملم اخضر غامق*,اخضر غامق
5.5ملم اخضر غامق*,اخضر غامق
5.5ملم اخضر غامق*,اخضر غامق
5.5ملم اخضر غامق*,اخضر غامق
5.5ملم اخضر غامق*,اخضر غامق
5.5ملم اخضر غامق*,اخضر غامق
5.5ملم اخضر غامق*,اخضر غامق
5.5ملم اخضر غامق*,اخضر غامق
5.5ملم اخضر غامق*,اخضر غامق
5.5ملم اخضر غامق*,اخضر غامق
5.5ملم اخضر غامق*,اخضر غامق
5.5ملم اخضر *,اخضر
5.5ملم اخضر غامق*,اخضر غامق
5.5ملم اخضر غامق*,اخضر غامق
5.5ملم اخضر*,اخضر
5.5ملم اخضر غامق*,اخضر غامق
5.5ملم اخضر غامق*,اخضر غامق
5.5ملم اخضر غامق*,اخضر غامق
5.5ملم اخضر غامق*,اخضر غامق
5.5ملم اخضر غامق*,اخضر غامق
5.5ملم اخضر غامق*,اخضر غامق
5.5ملم اخضر غامق*,اخضر غامق
5.5ملم ازرق فاتح*,ازرق فاتح
5.5ملم ازرق فاتح*,ازرق فاتح
5.5ملم ازرق فاتح*,ازرق فاتح
5.5ملم ازرق فاتح*,ازرق فاتح
5.5ملم ازرق فاتح*,ازرق فاتح
5.5ملم ازرق فاتح*,ازرق فاتح
5.5ملم ازرق فاتح*,ازرق فاتح
5.5ملم ازرق فاتح*,ازرق فاتح
5.5ملم ازرق فاتح*,ازرق فاتح
5.5ملم ازرق فاتح*,ازرق فاتح
5.5ملم ازرق فاتح*,ازرق فاتح
5.5ملم ازرق فاتح*,ازرق فاتح
5.5ملم ازرق فاتح*,ازرق فاتح
5.5ملم ازرق فاتح*,ازرق فاتح
5.5ملم ازرق فاتح*,ازرق فاتح
5.5ملم ازرق فاتح*,ازرق فاتح
5.5ملم ازرق فاتح*,ازرق فاتح
6ملم ازرق فاتح*,ازرق فاتح
6ملم ازرق فاتح*,ازرق فاتح
6ملم ازرق فاتح*,ازرق فاتح
8ملم ازرق فاتح*,ازرق فاتح
8ملم ازرق فاتح*,ازرق فاتح
8ملم ازرق فاتح*,ازرق فاتح
8ملم ازرق فاتح*,ازرق فاتح
8ملم ازرق فاتح*,ازرق فاتح
8ملم ازرق فاتح*,ازرق فاتح
8ملم ازرق فاتح*,ازرق فاتح
8ملم ازرق فاتح*,ازرق فاتح
8ملم ازرق فاتح*,ازرق فاتح
10ملم ازرق فاتح*,ازرق فاتح
10ملم ازرق فاتح*,ازرق فاتح
10ملم ازرق فاتح*,ازرق فاتح
10ملم ازرق فاتح*,ازرق فاتح
10ملم ازرق فاتح*,ازرق فاتح
10ملم ازرق فاتح*,ازرق فاتح
10ملم ازرق فاتح*,ازرق فاتح
10ملم ازرق فاتح*,ازرق فاتح
10ملم ازرق فاتح*,ازرق فاتح
5ملم ازرق غامق*,ازرق غامق
5ملم ازرق غامق*,ازرق غامق
5ملم ازرق غامق*,ازرق غامق
5.3ملم ازرق غامق*,ازرق غامق
5.3ملم ازرق غامق*,ازرق غامق
5.3ملم ازرق غامق*,ازرق غامق
5.3ملم ازرق غامق*,ازرق غامق
5.3ملم ازرق غامق*,ازرق غامق
5.5ملم ازرق غامق*,ازرق غامق
5.5ملم ازرق غامق*,ازرق غامق
5.5ملم ازرق غامق*,ازرق غامق
5.5ملم ازرق غامق*,ازرق غامق
5.5ملم ازرق غامق*,ازرق غامق
5.5ملم ازرق غامق*,ازرق غامق
5.5ملم ازرق غامق*,ازرق غامق
5.5ملم ازرق غامق*,ازرق غامق
5.5ملم ازرق غامق*,ازرق غامق
5.5ملم ازرق غامق*,ازرق غامق
6ملم ازرق غامق*,ازرق غامق
6ملم ازرق غامق*,ازرق غامق
6ملم ازرق غامق*,ازرق غامق
6ملم ايفير غرين*,ايفير غرين
6ملم بلو غرين*,بلو غرين
6ملم بلو غرين*,بلو غرين
6ملم بلو غرين*,بلو غرين
6ملم بلو غرين*,بلو غرين
6ملم بلو غرين*,بلو غرين
6ملم اسود غامق*,اسود غامق
6ملم اسود غامق*,اسود غامق
6ملم اسود غامق*,اسود غامق
6ملم اسود غامق*,اسود غامق
6ملم اسود غامق*,اسود غامق
6ملم زهر*,زهر
6ملم زهر*,زهر
6ملم زهر*,زهر
5.5ملم عاكس ابيض *,عاكس ابيض
5.5ملم عاكس ابيض *,عاكس ابيض
5.5ملم عاكس ابيض *,عاكس ابيض
5.5ملم عاكس ابيض *,عاكس ابيض
5.5ملم عاكس ابيض *,عاكس ابيض
5.5ملم عاكس ابيض *,عاكس ابيض
5.5ملم عاكس ابيض *,عاكس ابيض
5.5ملم عاكس ابيض *,عاكس ابيض
5.5ملم عاكس ابيض *,عاكس ابيض
6ملم عاكس ابيض *,عاكس ابيض
6ملم عاكس ابيض *,عاكس ابيض
6ملم عاكس ابيض *,عاكس ابيض
6ملم عاكس ابيض *,عاكس ابيض
6ملم عاكس ابيض *,عاكس ابيض
6ملم عاكس ابيض *,عاكس ابيض
6ملم عاكس ابيض *,عاكس ابيض
8ملم عاكس ابيض*,عاكس ابيض
8ملم عاكس ابيض*,عاكس ابيض
8ملم عاكس ابيض*,عاكس ابيض
8ملم عاكس ابيض*,عاكس ابيض
8ملم عاكس ابيض*,عاكس ابيض
8ملم عاكس ابيض*,عاكس ابيض
8ملم عاكس ابيض*,عاكس ابيض
8ملم عاكس ابيض*,عاكس ابيض
8ملم عاكس ابيض*,عاكس ابيض
8ملم عاكس ابيض*,عاكس ابيض
8ملم عاكس ابيض*,عاكس ابيض
4ملم عاكس اسود *,عاكس اسود
4ملم عاكس اسود *,عاكس اسود
4ملم عاكس اسود *,عاكس اسود
5.3ملم عاكس اسود *,عاكس اسود
5.3ملم عاكس اسود *,عاكس اسود
5.3ملم عاكس اسود *,عاكس اسود
5.5ملم عاكس اسود *,عاكس اسود
5.5ملم عاكس اسود *,عاكس اسود
5.5ملم عاكس اسود *,عاكس اسود
5.5ملم عاكس اسود *,عاكس اسود
5.5ملم عاكس اسود *,عاكس اسود
5.5ملم عاكس اسود *,عاكس اسود
5.5ملم عاكس اسود *,عاكس اسود
5.5ملم عاكس اسود *,عاكس اسود
5.5ملم عاكس اسود *,عاكس اسود
5.5ملم عاكس اسود *,عاكس اسود
5.5ملم عاكس اسود *,عاكس اسود
5.5ملم عاكس اسود *,عاكس اسود
5.5ملم عاكس اسود *,عاكس اسود
5.5ملم عاكس اسود *,عاكس اسود
5.5ملم عاكس اسود *,عاكس اسود
5.5ملم عاكس اسود *,عاكس اسود
5.5ملم عاكس اسود *,عاكس اسود
6ملم عاكس اسود *,عاكس اسود
6ملم عاكس اسود *,عاكس اسود
6ملم عاكس اسود *,عاكس اسود
6ملم عاكس اسود *,عاكس اسود
6ملم عاكس اسود *,عاكس اسود
8ملم عاكس اسود *,عاكس اسود
8ملم عاكس اسود *,عاكس اسود
8ملم عاكس اسود *,عاكس اسود
8ملم عاكس اسود *,عاكس اسود
8ملم عاكس اسود *,عاكس اسود
8ملم عاكس اسود *,عاكس اسود
10ملم عاكس اسود *,عاكس اسود
10ملم عاكس اسود *,عاكس اسود
10ملم عاكس اسود *,عاكس اسود
10ملم عاكس اسود *,عاكس اسود
10ملم عاكس اسود *,عاكس اسود
4ملم عاكس برونز *,عاكس برونز
4ملم عاكس برونز*,عاكس برونز
4ملم عاكس برونز*,عاكس برونز
4ملم عاكس برونز*,عاكس برونز
4ملم عاكس برونز *,عاكس برونز
4ملم عاكس برونز *,عاكس برونز
5ملم عاكس برونز*,عاكس برونز
عاكس برونز*,عاكس برونز
عاكس برونز*,عاكس برونز
5.5ملم عاكس برونز *,عاكس برونز
5.5ملم عاكس برونز *,عاكس برونز
5.5ملم عاكس برونز *,عاكس برونز
5.5ملم عاكس برونز*,عاكس برونز
5.5ملم عاكس برونز*,عاكس برونز
5.5ملم عاكس برونز*,عاكس برونز
5.5ملم عاكس برونز*,عاكس برونز
5.5ملم عاكس برونز*,عاكس برونز
5.5ملم عاكس برونز*,عاكس برونز
5.5ملم عاكس برونز*,عاكس برونز
5.5ملم عاكس برونز*,عاكس برونز
5.5ملم عاكس برونز*,عاكس برونز
5.5ملم عاكس برونز*,عاكس برونز
5.5ملم عاكس برونز*,عاكس برونز
5.5ملم عاكس برونز*,عاكس برونز
5.5ملم عاكس برونز*,عاكس برونز
5.5ملم عاكس برونز*,عاكس برونز
5.5ملم عاكس برونز*,عاكس برونز
5.5ملم عاكس برونز*,عاكس برونز
5.5ملم عاكس برونز*,عاكس برونز
5.5ملم عاكس برونز*,عاكس برونز
5.5ملم عاكس برونز*,عاكس برونز
5.5ملم عاكس برونز*,عاكس برونز
5.5ملم عاكس برونز*,عاكس برونز
5.5ملم عاكس برونز*,عاكس برونز
5.5ملم عاكس برونز*,عاكس برونز
5.5ملم عاكس برونز*,عاكس برونز
5.5ملم عاكس برونز*,عاكس برونز
5.5ملم عاكس برونز*,عاكس برونز
5.5ملم عاكس برونز*,عاكس برونز
5.5ملم عاكس برونز*,عاكس برونز
5.5ملم عاكس برونز*,عاكس برونز
5.5ملم عاكس برونز*,عاكس برونز
6ملم عاكس برونز*,عاكس برونز
6ملم عاكس برونز*,عاكس برونز
6ملم عاكس برونز*,عاكس برونز
6ملم عاكس برونز*,عاكس برونز
6ملم عاكس برونز*,عاكس برونز
8ملم عاكس برونز*,عاكس برونز
8ملم عاكس برونز*,عاكس برونز
8ملم عاكس برونز*,عاكس برونز
8ملم عاكس برونز*,عاكس برونز
8ملم عاكس برونز*,عاكس برونز
8ملم عاكس برونز*,عاكس برونز
8ملم عاكس برونز*,عاكس برونز
10ملم عاكس برونز*,عاكس برونز
10ملم عاكس برونز*,عاكس برونز
10ملم عاكس برونز*,عاكس برونز
10ملم عاكس برونز*,عاكس برونز
10ملم عاكس برونز*,عاكس برونز
5.5ملم عاكس اخضر فاتح*,عاكس اخضر فاتح
5.5ملم عاكس اخضر فاتح*,عاكس اخضر فاتح
5.5ملم عاكس اخضر فاتح*,عاكس اخضر فاتح
5.5ملم عاكس اخضر فاتح*,عاكس اخضر فاتح
5.5ملم عاكس اخضر فاتح*,عاكس اخضر فاتح
6ملم عاكس اخضر فاتح*,عاكس اخضر فاتح
6ملم عاكس اخضر فاتح*,عاكس اخضر فاتح
6ملم عاكس اخضر فاتح*,عاكس اخضر فاتح
6ملم عاكس اخضر فاتح*,عاكس اخضر فاتح
8ملم عاكس اخضر *,عاكس اخضر
8ملم عاكس اخضر *,عاكس اخضر
8ملم عاكس اخضر *,عاكس اخضر
8ملم عاكس اخضر *,عاكس اخضر
8ملم عاكس اخضر *,عاكس اخضر
8ملم عاكس اخضر *,عاكس اخضر
4ملم عاكس اخضر غامق*,عاكس اخضر غامق
4ملم عاكس اخضر غامق*,عاكس اخضر غامق
4ملم عاكس اخضر غامق*,عاكس اخضر غامق
4ملم عاكس اخضر غامق*,عاكس اخضر غامق
4ملم عاكس اخضر غامق*,عاكس اخضر غامق
5ملم عاكس اخضر غامق*,عاكس اخضر غامق
5.3ملم عاكس اخضر غامق*,عاكس اخضر غامق
5.3ملم عاكس اخضر غامق*,عاكس اخضر غامق
5.3ملم عاكس اخضر غامق*,عاكس اخضر غامق
5.3ملم عاكس اخضر غامق*,عاكس اخضر غامق
5.3ملم عاكس اخضر غامق*,عاكس اخضر غامق
5.5ملم عاكس اخضر غامق*,عاكس اخضر غامق
5.5ملم عاكس اخضر غامق*,عاكس اخضر غامق
5.5ملم عاكس اخضر غامق*,عاكس اخضر غامق
5.5ملم عاكس اخضر غامق*,عاكس اخضر غامق
5.5ملم عاكس اخضر غامق*,عاكس اخضر غامق
5.5ملم عاكس اخضر غامق*,عاكس اخضر غامق
5.5ملم عاكس اخضر غامق*,عاكس اخضر غامق
5.5ملم عاكس اخضر غامق*,عاكس اخضر غامق
5.5ملم عاكس اخضر غامق*,عاكس اخضر غامق
5.5ملم عاكس اخضر غامق*,عاكس اخضر غامق
5.5ملم عاكس اخضر غامق*,عاكس اخضر غامق
5.5ملم عاكس اخضر غامق*,عاكس اخضر غامق
5.5ملم عاكس اخضر غامق*,عاكس اخضر غامق
5.5ملم عاكس اخضر غامق*,عاكس اخضر غامق
5.5ملم عاكس اخضر غامق*,عاكس اخضر غامق
5.5ملم عاكس اخضر غامق*,عاكس اخضر غامق
5.5ملم عاكس اخضر غامق*,عاكس اخضر غامق
5.5ملم عاكس اخضر غامق*,عاكس اخضر غامق
5.5ملم عاكس ازرق فاتح*,عاكس ازرق فاتح
5.5ملم عاكس ازرق فاتح*,عاكس ازرق فاتح
5.5ملم عاكس ازرق فاتح*,عاكس ازرق فاتح
5.5ملم عاكس ازرق فاتح*,عاكس ازرق فاتح
5.5ملم عاكس ازرق فاتح*,عاكس ازرق فاتح
5.5ملم عاكس ازرق فاتح*,عاكس ازرق فاتح
5.5ملم عاكس ازرق فاتح*,عاكس ازرق فاتح
5.5ملم عاكس ازرق فاتح*,عاكس ازرق فاتح
6ملم عاكس ازرق فاتح*,عاكس ازرق فاتح
6ملم عاكس ازرق فاتح*,عاكس ازرق فاتح
6ملم عاكس ازرق فاتح*,عاكس ازرق فاتح
8ملم عاكس ازرق فاتح *,عاكس ازرق فاتح
8ملم عاكس ازرق فاتح *,عاكس ازرق فاتح
8ملم عاكس ازرق فاتح *,عاكس ازرق فاتح
8ملم عاكس ازرق فاتح *,عاكس ازرق فاتح
8ملم عاكس ازرق فاتح *,عاكس ازرق فاتح
8ملم عاكس ازرق فاتح *,عاكس ازرق فاتح
5ملم عاكس ازرق غامق*,عاكس ازرق غامق
5ملم عاكس ازرق غامق*,عاكس ازرق غامق
5ملم عاكس ازرق غامق*,عاكس ازرق غامق
5.3ملم عاكس ازرق غامق*,عاكس ازرق غامق
5.3ملم عاكس ازرق غامق*,عاكس ازرق غامق
5.3ملم عاكس ازرق غامق*,عاكس ازرق غامق
5.3ملم عاكس ازرق غامق*,عاكس ازرق غامق
5.3ملم عاكس ازرق غامق*,عاكس ازرق غامق
5.5ملم عاكس ازرق غامق*,عاكس ازرق غامق
5.5ملم عاكس ازرق غامق*,عاكس ازرق غامق
5.5ملم عاكس ازرق غامق*,عاكس ازرق غامق
5.5ملم عاكس ازرق غامق*,عاكس ازرق غامق
5.5ملم عاكس ازرق غامق*,عاكس ازرق غامق
5.5ملم عاكس ازرق غامق*,عاكس ازرق غامق
5.5ملم عاكس ازرق غامق*,عاكس ازرق غامق
5.5ملم عاكس ازرق غامق*,عاكس ازرق غامق
5.5ملم عاكس ازرق غامق*,عاكس ازرق غامق
5.5ملم عاكس ازرق غامق*,عاكس ازرق غامق
5.5ملم عاكس ازرق غامق*,عاكس ازرق غامق
6ملم عاكس ازرق غامق*,عاكس ازرق غامق
6ملم عاكس ازرق غامق*,عاكس ازرق غامق
6ملم عاكس زهر*,عاكس زهر
6ملم عاكس زهر*,عاكس زهر
6ملم عاكس زهر*,عاكس زهر
6ملم عاكس زهر*,عاكس زهر
6ملم عاكس زهر*,عاكس زهر
6ملم عاكسSuperSilver*,عاكسSuperSilver
6ملم عاكسSuperSilver*,عاكسSuperSilver
6ملم عاكسSuperSilver*,عاكسSuperSilver
6ملم عاكسSuperSilver*,عاكسSuperSilver
6ملم عاكسSuperSilver*,عاكسSuperSilver
6ملم LOW-E *,LOW-E
6ملم LOW-E *,LOW-E
6ملم LOW-E *,LOW-E
6ملم LOW-E *,LOW-E
6ملم LOW-E *,LOW-E
6ملم LOW-E *,LOW-E
6ملم LOW-E *,LOW-E
6ملم LOW-E *,LOW-E
6ملم LOW-E *,LOW-E
6ملم LOW-E N70 *,LOW-E N70
6ملم LOW-E *,LOW-E
6ملم LOW-E N70 *,LOW-E N70
6ملم LOW-E N71 *,LOW-E N71
6ملم LOW-E N70 *,LOW-E N70
6ملم LOW-E N70 *,LOW-E N70
6ملم LOW-E N70 *,LOW-E N70
6ملم LOW-E *,LOW-E
6ملم LOW-E N71 *,LOW-E N71
6ملم LOW-E N70 *,LOW-E N70
6ملم LOW-E *,LOW-E
6ملم LOW-E N70 *,LOW-E N70
6ملم LOW-E N70 *,LOW-E N70
6ملم LOW-E N70 *,LOW-E N70
6ملم LOW-E *,LOW-E
6ملم LOW-E N70 *,LOW-E N70
8ملم LOW-E *,LOW-E
8ملم LOW-E N70 *,LOW-E N70
8ملم LOW-E *,LOW-E
8ملم LOW-E N70 *,LOW-E N70
8ملم LOW-E N70 *,LOW-E N70
8ملم LOW-E N70 *,LOW-E N70
8ملم LOW-E *,LOW-E
8ملم LOW-E N70 *,LOW-E N70
8ملم LOW-E N70 *,LOW-E N70
8ملم LOW-E *,LOW-E
8ملم LOW-E N70 *,LOW-E N70
8ملم LOW-E N70 *,LOW-E N70
8ملم LOW-E N70 *,LOW-E N70
8ملم LOW-E *,LOW-E
8ملم LOW-E N70 *,LOW-E N70
8ملم LOW-E N70 *,LOW-E N70
10ملم عاكس LOW-E *,عاكس LOW-E
10ملم LOW-E N70 *,LOW-E N70
10ملم LOW-E N70 *,LOW-E N70
5.5ملم مشرط ابيض*,مشرط ابيض
5.5ملم مشرط ابيض*,مشرط ابيض
5.5ملم مشرط ابيض*,مشرط ابيض
6ملم مشرط ابيض*,مشرط ابيض
6ملم مشرط ابيض*,مشرط ابيض
6ملم مشرط ابيض*,مشرط ابيض
6ملم مشرط ابيض*,مشرط ابيض
6ملم مشرط ابيض*,مشرط ابيض
6ملم مشرط ابيض*,مشرط ابيض
6ملم مشرط ابيض*,مشرط ابيض
6ملم مشرط ابيض*,مشرط ابيض
6ملم مشرط ابيض*,مشرط ابيض
6ملم مشرط ابيض*,مشرط ابيض
6ملم مشرط ابيض*,مشرط ابيض
6ملم مشرط ابيض*,مشرط ابيض
6ملم مشرط ابيض*,مشرط ابيض
6ملم مشرط ابيض*,مشرط ابيض
6ملم مشرط ابيض*,مشرط ابيض
6ملم مشرط ابيض*,مشرط ابيض
6ملم مشرط ابيض*,مشرط ابيض
6ملم مشرط ابيض*,مشرط ابيض
6ملم مشرط ابيض*,مشرط ابيض
6ملم مشرط ابيض*,مشرط ابيض
6ملم مشرط ابيض*,مشرط ابيض
6ملم مشرط ابيض*,مشرط ابيض
6ملم مشرط ابيض*,مشرط ابيض
6ملم مشرط ابيض*,مشرط ابيض
6ملم مشرط ابيض*,مشرط ابيض
6ملم مشرط ابيض*,مشرط ابيض
6ملم مشرط ابيض*,مشرط ابيض
6ملم مشرط ابيض*,مشرط ابيض
6ملم مشرط ابيض*,مشرط ابيض
6ملم مشرط ابيض*,مشرط ابيض
6ملم مشرط ابيض شفاف*,مشرط ابيض شفاف
6ملم مشرط ابيض دلتا*,مشرط ابيض دلتا
6ملم مشرط اسود*,مشرط اسود
6ملم مشرط اسود*,مشرط اسود
6ملم مشرط اسود*,مشرط اسود
6ملم مشرط اسود*,مشرط اسود
6ملم مشرط اسود*,مشرط اسود
6ملم مشرط اسود*,مشرط اسود
6ملم مشرط اسود*,مشرط اسود
6ملم مشرط اسود*,مشرط اسود
6ملم مشرط اسود*,مشرط اسود
6ملم مشرط برونز*,مشرط برونز
6ملم مشرط برونز*,مشرط برونز
6ملم مشرط برونز*,مشرط برونز
6ملم مشرط برونز*,مشرط برونز
6ملم مشرط برونز*,مشرط برونز
6ملم مشرط برونز*,مشرط برونز
6ملم مشرط برونز*,مشرط برونز
6ملم مشرط برونز*,مشرط برونز
6ملم مشرط برونز*,مشرط برونز
6ملم مشرط برونز*,مشرط برونز
6ملم مشرط برونز*,مشرط برونز
6ملم مشرط برونز*,مشرط برونز
6ملم مشرط برونز*,مشرط برونز
6ملم مشرط برونز*,مشرط برونز
6ملم مشرط برونز*,مشرط برونز
6ملم مشرط برونز*,مشرط برونز
6ملم مشرط برونز*,مشرط برونز
6ملم مشرط اخضر*,مشرط اخضر
6ملم مشرط اخضر*,مشرط اخضر
6ملم مشرط اخضر*,مشرط اخضر
6ملم مشرط ازرق*,مشرط ازرق
6ملم مشرط عسلي*,مشرط عسلي
4ملم برش ابيض*,برش ابيض
4ملم برش ابيض*,برش ابيض
4ملم برش ابيض*,برش ابيض
4ملم برش ابيض*,برش ابيض
4ملم برش ابيض*,برش ابيض
5.5ملم برش ابيض*,برش ابيض
5.5ملم برش ابيض*,برش ابيض
5.5ملم برش ابيض*,برش ابيض
5.5ملم برش ابيض*,برش ابيض
5.5ملم برش ابيض*,برش ابيض
5.5ملم برش ابيض*,برش ابيض
5.5ملم برش ابيض*,برش ابيض
5.5ملم برش ابيض*,برش ابيض
5.5ملم برش ابيض*,برش ابيض
5.5ملم برش ابيض*,برش ابيض
5.5ملم برش ابيض*,برش ابيض
5.5ملم برش ابيض*,برش ابيض
5.5ملم برش ابيض*,برش ابيض
5.5ملم برش ابيض*,برش ابيض
5.5ملم برش ابيض*,برش ابيض
5.5ملم برش ابيض*,برش ابيض
5.5ملم برش ابيض*,برش ابيض
5.5ملم برش ابيض*,برش ابيض
5.5ملم برش ابيض*,برش ابيض
5.5ملم برش ابيض*,برش ابيض
8ملم برش ابيض*,برش ابيض
8ملم برش ابيض*,برش ابيض
8ملم برش ابيض*,برش ابيض
8ملم برش ابيض*,برش ابيض
8ملم برش ابيض*,برش ابيض
8ملم برش ابيض*,برش ابيض
8ملم برش ابيض*,برش ابيض
8ملم برش ابيض*,برش ابيض
8ملم برش ابيض*,برش ابيض
8ملم برش ابيض*,برش ابيض
8ملم برش ابيض*,برش ابيض
10ملم برش ابيض*,برش ابيض
10ملم برش ابيض*,برش ابيض
10ملم برش ابيض*,برش ابيض
10ملم برش ابيض*,برش ابيض
10ملم برش ابيض*,برش ابيض
10ملم برش ابيض*,برش ابيض
10ملم برش ابيض*,برش ابيض
5ملم برش اسود*,برش اسود
5ملم برش اسود*,برش اسود
5ملم برش اسود*,برش اسود
5ملم برش اسود*,برش اسود
5ملم برش اسود*,برش اسود
5ملم برش اسود*,برش اسود
5ملم برش اسود*,برش اسود
5ملم برش اسود*,برش اسود
5ملم برش اسود*,برش اسود
5.3ملم برش اسود*,برش اسود
5.3ملم برش اسود*,برش اسود
5.3ملم برش اسود*,برش اسود
5.3ملم برش اسود*,برش اسود
5.5ملم برش اسود*,برش اسود
5.5ملم برش اسود*,برش اسود
5.5ملم برش اسود*,برش اسود
5.5ملم برش برونز*,برش برونز
5.5ملم برش برونز*,برش برونز
5.5ملم برش برونز*,برش برونز
5.5ملم برش برونز*,برش برونز
5.5ملم برش برونز*,برش برونز
5.5ملم برش برونز*,برش برونز
5.5ملم برش برونز*,برش برونز
5.5ملم برش برونز*,برش برونز
5.5ملم برش برونز*,برش برونز
5.5ملم برش برونز*,برش برونز
5.5ملم برش برونز*,برش برونز
5.5ملم برش برونز*,برش برونز
5.5ملم برش برونز*,برش برونز
5.5ملم برش برونز*,برش برونز
5.5ملم برش برونز*,برش برونز
5.5ملم برش برونز*,برش برونز
5.5ملم برش برونز*,برش برونز
5.5ملم برش اخضر*,برش اخضر
5.5ملم برش اخضر*,برش اخضر
4ملم مغشى اسيد*,مغشى اسيد
4ملم مغشى اسيد*,مغشى اسيد
4ملم مغشى اسيد*,مغشى اسيد
4ملم مغشى اسيد*,مغشى اسيد
4ملم مغشى اسيد*,مغشى اسيد
4ملم مغشى اسيد*,مغشى اسيد
4ملم مغشى اسيد*,مغشى اسيد
4ملم مغشى اسيد*,مغشى اسيد
4ملم مغشى اسيد*,مغشى اسيد
4ملم مغشى اسيد*,مغشى اسيد
6ملم مغشى اسيد*,مغشى اسيد
6ملم مغشى اسيد*,مغشى اسيد
6ملم مغشى اسيد*,مغشى اسيد
6ملم مغشى اسيد*,مغشى اسيد
6ملم مغشى اسيد*,مغشى اسيد
6ملم مغشى اسيد*,مغشى اسيد
6ملم مغشى اسيد*,مغشى اسيد
6ملم مغشى اسيد*,مغشى اسيد
6ملم مغشى اسيد*,مغشى اسيد
6ملم مغشى اسيد*,مغشى اسيد
6ملم مغشى اسيد*,مغشى اسيد
6ملم مغشى اسيد*,مغشى اسيد
6ملم مغشى اسيد*,مغشى اسيد
6ملم مغشى اسيد*,مغشى اسيد
6ملم مغشى اسيد*,مغشى اسيد
6ملم مغشى اسيد*,مغشى اسيد
6ملم مغشى اسيد*,مغشى اسيد
6ملم مغشى اسيد*,مغشى اسيد
6ملم مغشى اسيد*,مغشى اسيد
8ملم مغشى اسيد*,مغشى اسيد
8ملم مغشى اسيد*,مغشى اسيد
8ملم مغشى اسيد*,مغشى اسيد
8ملم مغشى اسيد*,مغشى اسيد
8ملم مغشى اسيد*,مغشى اسيد
8ملم مغشى اسيد*,مغشى اسيد
8ملم مغشى اسيد*,مغشى اسيد
8ملم مغشى اسيد*,مغشى اسيد
8ملم مغشى اسيد*,مغشى اسيد
8ملم مغشى اسيد*,مغشى اسيد
8ملم مغشى اسيد*,مغشى اسيد
8ملم مغشى اسيد*,مغشى اسيد
8ملم مغشى اسيد*,مغشى اسيد
10ملم مغشى اسيد*,مغشى اسيد
10ملم مغشى اسيد*,مغشى اسيد
10ملم مغشى اسيد*,مغشى اسيد
10ملم مغشى اسيد*,مغشى اسيد
10ملم مغشى اسيد*,مغشى اسيد
10ملم مغشى اسيد*,مغشى اسيد
10ملم مغشى اسيد*,مغشى اسيد
10ملم مغشى اسيد*,مغشى اسيد
10ملم مغشى اسيد*,مغشى اسيد
10ملم مغشى اسيد*,مغشى اسيد
10ملم مغشى اسيد*,مغشى اسيد
10ملم مغشى اسيد*,مغشى اسيد
12ملم مغشى اسيد*,مغشى اسيد
12ملم مغشى اسيد*,مغشى اسيد
12ملم مغشى اسيد*,مغشى اسيد
3ملم مغشى ابيض*,مغشى ابيض
4ملم مغشى ابيض*,مغشى ابيض
4ملم مغشى ابيض*,مغشى ابيض
4ملم مغشى ابيض*,مغشى ابيض
4ملم مغشى ابيض*,مغشى ابيض
4ملم مغشى ابيض*,مغشى ابيض
4ملم مغشى ابيض*,مغشى ابيض
4ملم مغشى ابيض*,مغشى ابيض
4ملم مغشى ابيض*,مغشى ابيض
4ملم مغشى ابيض*,مغشى ابيض
5ملم مغشى ابيض*,مغشى ابيض
6ملم مغشى ابيض*,مغشى ابيض
6ملم مغشى ابيض*,مغشى ابيض
6ملم مغشى ابيض*,مغشى ابيض
6ملم مغشى ابيض*,مغشى ابيض
6ملم مغشى ابيض*,مغشى ابيض
4ملم زجاج ناري*,زجاج ناري
4ملم زجاج ناري*,زجاج ناري
4ملم زجاج ناري*,زجاج ناري
3ملم مرايا ابيض*,مرايا ابيض
3ملم مرايا ابيض*,مرايا ابيض
3ملم مرايا ابيض*,مرايا ابيض
3ملم مرايا ابيض*,مرايا ابيض
3ملم مرايا ابيض*,مرايا ابيض
3ملم مرايا ابيض*,مرايا ابيض
3ملم مرايا ابيض*,مرايا ابيض
3ملم مرايا ابيض*,مرايا ابيض
3ملم مرايا ابيض*,مرايا ابيض
3ملم مرايا ابيض*,مرايا ابيض
3ملم مرايا ابيض*,مرايا ابيض
3ملم مرايا ابيض*,مرايا ابيض
3ملم مرايا ابيض*,مرايا ابيض
3ملم مرايا ابيض*,مرايا ابيض
3ملم مرايا ابيض*,مرايا ابيض
3ملم مرايا ابيض*,مرايا ابيض
3ملم مرايا ابيض*,مرايا ابيض
3ملم مرايا ابيض*,مرايا ابيض
3ملم مرايا ابيض*,مرايا ابيض
3ملم مرايا ابيض*,مرايا ابيض
3ملم مرايا ابيض*,مرايا ابيض
3ملم مرايا ابيض*,مرايا ابيض
3ملم مرايا ابيض*,مرايا ابيض
3ملم مرايا ابيض*,مرايا ابيض
3ملم مرايا ابيض*,مرايا ابيض
3ملم مرايا ابيض*,مرايا ابيض
3ملم مرايا ابيض*,مرايا ابيض
3ملم مرايا ابيض*,مرايا ابيض
3ملم مرايا ابيض*,مرايا ابيض
3ملم مرايا ابيض*,مرايا ابيض
3ملم مرايا ابيض*,مرايا ابيض
3ملم مرايا ابيض*,مرايا ابيض
3ملم مرايا ابيض*,مرايا ابيض
3ملم مرايا ابيض*,مرايا ابيض
3ملم مرايا ابيض*,مرايا ابيض
3ملم مرايا ابيض*,مرايا ابيض
3ملم مرايا ابيض*,مرايا ابيض
3ملم مرايا ابيض*,مرايا ابيض
3ملم مرايا ابيض*,مرايا ابيض
4ملم مرايا ابيض صغير*,مرايا ابيض صغير
4ملم مرايا ابيض صغير*,مرايا ابيض صغير
4ملم مرايا ابيض صغير*,مرايا ابيض صغير
4ملم مرايا ابيض صغير*,مرايا ابيض صغير
4ملم مرايا ابيض صغير*,مرايا ابيض صغير
4ملم مرايا ابيض*,مرايا ابيض
4ملم مرايا ابيض*,مرايا ابيض
4ملم مرايا ابيض*,مرايا ابيض
4ملم مرايا ابيض*,مرايا ابيض
4ملم مرايا ابيض*,مرايا ابيض
4ملم مرايا ابيض*,مرايا ابيض
4ملم مرايا ابيض*,مرايا ابيض
4ملم مرايا ابيض*,مرايا ابيض
4ملم مرايا ابيض*,مرايا ابيض
4ملم مرايا ابيض*,مرايا ابيض
4ملم مرايا ابيض*,مرايا ابيض
4ملم مرايا ابيض*,مرايا ابيض
4ملم مرايا ابيض*,مرايا ابيض
4ملم مرايا ابيض*,مرايا ابيض
4ملم مرايا ابيض*,مرايا ابيض
4ملم مرايا ابيض*,مرايا ابيض
4ملم مرايا ابيض*,مرايا ابيض
4ملم مرايا ابيض*,مرايا ابيض
4ملم مرايا ابيض*,مرايا ابيض
4ملم مرايا ابيض*,مرايا ابيض
4ملم مرايا ابيض*,مرايا ابيض
4ملم مرايا ابيض*,مرايا ابيض
4ملم مرايا ابيض*,مرايا ابيض
4ملم مرايا ابيض*,مرايا ابيض
4ملم مرايا ابيض*,مرايا ابيض
4ملم مرايا ابيض*,مرايا ابيض
4ملم مرايا ابيض*,مرايا ابيض
4ملم مرايا ابيض*,مرايا ابيض
4ملم مرايا ابيض*,مرايا ابيض
4ملم مرايا ابيض*,مرايا ابيض
4ملم مرايا ابيض*,مرايا ابيض
4ملم مرايا ابيض*,مرايا ابيض
4ملم مرايا ابيض*,مرايا ابيض
4ملم مرايا ابيض*,مرايا ابيض
4ملم مرايا ابيض*,مرايا ابيض
4ملم مرايا ابيض*,مرايا ابيض
4ملم مرايا ابيض*,مرايا ابيض
4ملم مرايا ابيض*,مرايا ابيض
4ملم مرايا ابيض*,مرايا ابيض
4ملم مرايا ابيض*,مرايا ابيض
4ملم مرايا ابيض*,مرايا ابيض
4ملم مرايا ابيض*,مرايا ابيض
4ملم مرايا ابيض*,مرايا ابيض
4ملم مرايا ابيض*,مرايا ابيض
4ملم مرايا ابيض*,مرايا ابيض
4ملم مرايا ابيض*,مرايا ابيض
4ملم مرايا ابيض*,مرايا ابيض
4ملم مرايا ابيض*,مرايا ابيض
4ملم مرايا ابيض*,مرايا ابيض
4ملم مرايا ابيض*,مرايا ابيض
4ملم مرايا ابيض*,مرايا ابيض
4ملم مرايا ابيض*,مرايا ابيض
4ملم مرايا ابيض*,مرايا ابيض
4ملم مرايا ابيض*,مرايا ابيض
4ملم مرايا ابيض*,مرايا ابيض
4ملم مرايا ابيض*,مرايا ابيض
4ملم مرايا ابيض*,مرايا ابيض
4ملم مرايا ابيض*,مرايا ابيض
4ملم مرايا ابيض*,مرايا ابيض
4ملم مرايا ابيض*,مرايا ابيض
5ملم مرايا ابيض*,مرايا ابيض
5ملم مرايا ابيض*,مرايا ابيض
5ملم مرايا ابيض*,مرايا ابيض
5ملم مرايا ابيض*,مرايا ابيض
5ملم مرايا ابيض*,مرايا ابيض
5ملم مرايا ابيض*,مرايا ابيض
5ملم مرايا ابيض*,مرايا ابيض
5ملم مرايا ابيض*,مرايا ابيض
5ملم مرايا ابيض*,مرايا ابيض
5ملم مرايا ابيض*,مرايا ابيض
5ملم مرايا ابيض*,مرايا ابيض
5ملم مرايا ابيض*,مرايا ابيض
5ملم مرايا ابيض*,مرايا ابيض
5ملم مرايا ابيض*,مرايا ابيض
5ملم مرايا ابيض*,مرايا ابيض
5ملم مرايا ابيض*,مرايا ابيض
5ملم مرايا ابيض*,مرايا ابيض
5ملم مرايا ابيض*,مرايا ابيض
5ملم مرايا ابيض*,مرايا ابيض
5ملم مرايا ابيض*,مرايا ابيض
5ملم مرايا ابيض*,مرايا ابيض
5ملم مرايا ابيض*,مرايا ابيض
5ملم مرايا ابيض*,مرايا ابيض
5ملم مرايا ابيض*,مرايا ابيض
5ملم مرايا ابيض*,مرايا ابيض
5ملم مرايا ابيض*,مرايا ابيض
5ملم مرايا ابيض*,مرايا ابيض
5ملم مرايا ابيض*,مرايا ابيض
5ملم مرايا ابيض*,مرايا ابيض
5ملم مرايا ابيض*,مرايا ابيض
5ملم مرايا ابيض*,مرايا ابيض
5ملم مرايا ابيض*,مرايا ابيض
5ملم مرايا ابيض*,مرايا ابيض
5ملم مرايا ابيض*,مرايا ابيض
5ملم مرايا ابيض*,مرايا ابيض
5ملم مرايا ابيض*,مرايا ابيض
5ملم مرايا ابيض*,مرايا ابيض
5ملم مرايا ابيض*,مرايا ابيض
5ملم مرايا ابيض*,مرايا ابيض
5ملم مرايا ابيض*,مرايا ابيض
5ملم مرايا ابيض*,مرايا ابيض
5ملم مرايا ابيض*,مرايا ابيض
5ملم مرايا ابيض*,مرايا ابيض
5ملم مرايا ابيض*,مرايا ابيض
5ملم مرايا ابيض*,مرايا ابيض
5ملم مرايا ابيض*,مرايا ابيض
5ملم مرايا ابيض*,مرايا ابيض
5ملم مرايا ابيض*,مرايا ابيض
5ملم مرايا ابيض*,مرايا ابيض
5ملم مرايا ابيض*,مرايا ابيض
5ملم مرايا ابيض*,مرايا ابيض
5ملم مرايا ابيض*,مرايا ابيض
5ملم مرايا ابيض*,مرايا ابيض
5ملم مرايا ابيض*,مرايا ابيض
5ملم مرايا ابيض*,مرايا ابيض
5ملم مرايا ابيض*,مرايا ابيض
5ملم مرايا ابيض*,مرايا ابيض
5ملم مرايا ابيض*,مرايا ابيض
5ملم مرايا ابيض*,مرايا ابيض
5ملم مرايا ابيض*,مرايا ابيض
5ملم مرايا ابيض*,مرايا ابيض
5ملم مرايا ابيض*,مرايا ابيض
5ملم مرايا ابيض*,مرايا ابيض
5ملم مرايا ابيض*,مرايا ابيض
6ملم مرايا ابيض*,مرايا ابيض
6ملم مرايا ابيض*,مرايا ابيض
6ملم مرايا ابيض*,مرايا ابيض
6ملم مرايا ابيض*,مرايا ابيض
6ملم مرايا ابيض*,مرايا ابيض
6ملم مرايا ابيض*,مرايا ابيض
6ملم مرايا ابيض*,مرايا ابيض
6ملم مرايا ابيض*,مرايا ابيض
6ملم مرايا ابيض*,مرايا ابيض
6ملم مرايا ابيض*,مرايا ابيض
6ملم مرايا ابيض*,مرايا ابيض
6ملم مرايا ابيض*,مرايا ابيض
6ملم مرايا ابيض*,مرايا ابيض
6ملم مرايا ابيض*,مرايا ابيض
6ملم مرايا ابيض*,مرايا ابيض
6ملم مرايا ابيض*,مرايا ابيض
6ملم مرايا ابيض*,مرايا ابيض
6ملم مرايا ابيض*,مرايا ابيض
6ملم مرايا ابيض*,مرايا ابيض
6ملم مرايا ابيض*,مرايا ابيض
6ملم مرايا ابيض*,مرايا ابيض
6ملم مرايا ابيض*,مرايا ابيض
6ملم مرايا ابيض*,مرايا ابيض
6ملم مرايا ابيض*,مرايا ابيض
6ملم مرايا ابيض*,مرايا ابيض
6ملم مرايا ابيض*,مرايا ابيض
6ملم مرايا ابيض*,مرايا ابيض
6ملم مرايا ابيض*,مرايا ابيض
6ملم مرايا ابيض*,مرايا ابيض
6ملم مرايا ابيض*,مرايا ابيض
6ملم مرايا ابيض*,مرايا ابيض
6ملم مرايا ابيض*,مرايا ابيض
8ملم مرايا ابيض*,مرايا ابيض
8ملم مرايا ابيض*,مرايا ابيض
8ملم مرايا ابيض*,مرايا ابيض
4ملم مرايا اسود*,مرايا اسود
4ملم مرايا اسود*,مرايا اسود
4ملم مرايا اسود*,مرايا اسود
4ملم مرايا اسود*,مرايا اسود
4ملم مرايا اسود*,مرايا اسود
4ملم مرايا اسود*,مرايا اسود
4ملم مرايا اسود*,مرايا اسود
4ملم مرايا اسود*,مرايا اسود
4ملم مرايا اسود*,مرايا اسود
5ملم مرايا اسود*,مرايا اسود
5ملم مرايا اسود*,مرايا اسود
5ملم مرايا اسود*,مرايا اسود
5ملم مرايا اسود*,مرايا اسود
5ملم مرايا اسود*,مرايا اسود
6ملم مرايا اسود*,مرايا اسود
6ملم مرايا اسود*,مرايا اسود
6ملم مرايا اسود*,مرايا اسود
6ملم مرايا اسود*,مرايا اسود
6ملم مرايا اسود*,مرايا اسود
4ملم مرايا برونز*,مرايا برونز
4ملم مرايا برونز*,مرايا برونز
4ملم مرايا برونز*,مرايا برونز
4ملم مرايا برونز*,مرايا برونز
4ملم مرايا برونز*,مرايا برونز
4ملم مرايا برونز*,مرايا برونز
5ملم مرايا برونز*,مرايا برونز
5ملم مرايا برونز*,مرايا برونز
5ملم مرايا برونز*,مرايا برونز
5ملم مرايا برونز*,مرايا برونز
5ملم مرايا برونز*,مرايا برونز
5ملم مرايا برونز*,مرايا برونز
5ملم مرايا برونز*,مرايا برونز
6ملم مرايا برونز*,مرايا برونز
6ملم مرايا برونز*,مرايا برونز
6ملم مرايا برونز*,مرايا برونز
6ملم مرايا برونز*,مرايا برونز
6ملم مرايا برونز*,مرايا برونز
6ملم مرايا برونز*,مرايا برونز
6ملم مرايا برونز*,مرايا برونز
6ملم مرايا برونز*,مرايا برونز
6ملم مرايا برونز*,مرايا برونز
6ملم مرايا برونز*,مرايا برونز
6ملم مرايا برونز*,مرايا برونز
6ملم مرايا برونز*,مرايا برونز
6ملم مرايا برونز*,مرايا برونز
5ملم مرايا اخضر*,مرايا اخضر
5ملم مرايا اخضر*,مرايا اخضر
5ملم مرايا اخضر*,مرايا اخضر
6ملم مرايا اخضر*,مرايا اخضر
4ملم مرايا ازرق*,مرايا ازرق
5ملم مرايا ازرق*,مرايا ازرق
5ملم مرايا ازرق*,مرايا ازرق
5ملم مرايا ازرق*,مرايا ازرق
4ملم مرايا زهر*,مرايا زهر
5ملم مرايا زهر*,مرايا زهر
5ملم مرايا زهر*,مرايا زهر
5ملم مرايا زهر*,مرايا زهر
6ملم مرايا زهر*,مرايا زهر
4ملم مرايا ذهبي*,مرايا ذهبي
4ملم مرايا ذهبي*,مرايا ذهبي
4ملم مرايا ذهبي*,مرايا ذهبي
4ملم مرايا ذهبي*,مرايا ذهبي
4ملم مرايا ذهبي*,مرايا ذهبي
5ملم مرايا ذهبي*,مرايا ذهبي
5ملم مرايا ذهبي*,مرايا ذهبي
5ملم مرايا ذهبي*,مرايا ذهبي
6ملم مرايا كريتسال ابيض*,مرايا كريتسال ابيض
6ملم مرايا كريتسال ابيض*,مرايا كريتسال ابيض
6ملم مرايا كريتسال ابيض*,مرايا كريتسال ابيض
6ملم مرايا  ابيض*,مرايا ابيض
6ملم مرايا كريتسال ابيض*,مرايا كريتسال ابيض
6ملم مرايا كريتسال ابيض*,مرايا كريتسال ابيض
4ملم مرايا معتق - رقم 1*,مرايا معتق - رقم 1
4ملم مرايا معتق - رقم 1*,مرايا معتق - رقم 1
4ملم مرايا معتق - رقم 1*,مرايا معتق - رقم 1
6ملم مرايا معتق - رقم 1*,مرايا معتق - رقم 1
6ملم مرايا معتق - رقم 1*,مرايا معتق - رقم 1
6ملم مرايا معتق - رقم 1*,مرايا معتق - رقم 1
6ملم مرايا معتق - رقم 1*,مرايا معتق - رقم 1
6ملم مرايا معتق - رقم 1*,مرايا معتق - رقم 1
6ملم مرايا معتق - رقم 2*,مرايا معتق - رقم 2
6ملم مرايا معتق - رقم 2*,مرايا معتق - رقم 2
6ملم مرايا معتق - رقم 2*,مرايا معتق - رقم 2
6ملم مرايا معتق - رقم 2*,مرايا معتق - رقم 2
6ملم مرايا معتق - رقم 2*,مرايا معتق - رقم 2
6ملم مرايا معتق - رقم 3*,مرايا معتق - رقم 3
6ملم مرايا معتق - رقم 3*,مرايا معتق - رقم 3
6ملم مرايا معتق - رقم 4*,مرايا معتق - رقم 4
6ملم مرايا معتق - رقم 4*,مرايا معتق - رقم 4
6ملم مرايا معتق - رقم 5*,مرايا معتق - رقم 5
6ملم مرايا معتق - رقم 5*,مرايا معتق - رقم 5
6ملم مرايا معتق - رقم 6*,مرايا معتق - رقم 6
6ملم مرايا معتق - رقم 6*,مرايا معتق - رقم 6
6ملم مرايا معتق - رقم 6*,مرايا معتق - رقم 6
6ملم مرايا معتق - رقم 7*,مرايا معتق - رقم 7
6ملم مرايا معتق - رقم 7*,مرايا معتق - رقم 7
6ملم تريبلكس ابيض*,تريبلكس ابيض
6ملم تريبلكس ابيض*,تريبلكس ابيض
6ملم تريبلكس ابيض*,تريبلكس ابيض
6ملم تريبلكس ابيض*,تريبلكس ابيض
6ملم تريبلكس ابيض*,تريبلكس ابيض
6ملم تريبلكس ابيض*,تريبلكس ابيض
6ملم تريبلكس ابيض*,تريبلكس ابيض
6ملم تريبلكس ابيض*,تريبلكس ابيض
6ملم تريبلكس ابيض*,تريبلكس ابيض
6ملم تريبلكس ابيض*,تريبلكس ابيض
6ملم تريبلكس ابيض*,تريبلكس ابيض
6ملم تريبلكس ابيض*,تريبلكس ابيض
6ملم تريبلكس ابيض*,تريبلكس ابيض
6ملم تريبلكس ابيض*,تريبلكس ابيض
6ملم تريبلكس ابيض*,تريبلكس ابيض
6ملم تريبلكس ابيض*,تريبلكس ابيض
6ملم تريبلكس ابيض*,تريبلكس ابيض
6ملم تريبلكس ابيض*,تريبلكس ابيض
6ملم تريبلكس ابيض*,تريبلكس ابيض
6ملم تريبلكس ابيض*,تريبلكس ابيض
6ملم تريبلكس ابيض*,تريبلكس ابيض
6ملم تريبلكس ابيض*,تريبلكس ابيض
6ملم تريبلكس ابيض*,تريبلكس ابيض
6ملم تريبلكس ابيض*,تريبلكس ابيض
6.2ملم تريبلكس ابيض*,تريبلكس ابيض
6.2ملم تريبلكس ابيض*,تريبلكس ابيض
8ملم تريبلكس ابيض*,تريبلكس ابيض
8ملم تريبلكس ابيض*,تريبلكس ابيض
8ملم تريبلكس ابيض*,تريبلكس ابيض
8ملم تريبلكس ابيض*,تريبلكس ابيض
8ملم تريبلكس ابيض*,تريبلكس ابيض
8ملم تريبلكس ابيض*,تريبلكس ابيض
8ملم تريبلكس ابيض*,تريبلكس ابيض
8ملم تريبلكس ابيض*,تريبلكس ابيض
8ملم تريبلكس ابيض*,تريبلكس ابيض
8ملم تريبلكس ابيض*,تريبلكس ابيض
8ملم تريبلكس ابيض*,تريبلكس ابيض
8ملم تريبلكس ابيض*,تريبلكس ابيض
8ملم تريبلكس ابيض*,تريبلكس ابيض
8ملم تريبلكس ابيض*,تريبلكس ابيض
8ملم تريبلكس ابيض*,تريبلكس ابيض
8ملم تريبلكس ابيض*,تريبلكس ابيض
8ملم تريبلكس ابيض*,تريبلكس ابيض
8ملم تريبلكس ابيض*,تريبلكس ابيض
8ملم تريبلكس ابيض*,تريبلكس ابيض
8ملم تريبلكس ابيض*,تريبلكس ابيض
8ملم تريبلكس ابيض*,تريبلكس ابيض
8ملم تريبلكس ابيض*,تريبلكس ابيض
8ملم تريبلكس ابيض*,تريبلكس ابيض
8ملم تريبلكس ابيض*,تريبلكس ابيض
8ملم تريبلكس ابيض*,تريبلكس ابيض
8ملم تريبلكس ابيض*,تريبلكس ابيض
8ملم تريبلكس ابيض*,تريبلكس ابيض
8ملم تريبلكس ابيض*,تريبلكس ابيض
8ملم تريبلكس ابيض*,تريبلكس ابيض
8ملم تريبلكس ابيض*,تريبلكس ابيض
8ملم تريبلكس ابيض*,تريبلكس ابيض
8ملم تريبلكس ابيض*,تريبلكس ابيض
8ملم تريبلكس ابيض*,تريبلكس ابيض
8ملم تريبلكس ابيض*,تريبلكس ابيض
8ملم تريبلكس ابيض*,تريبلكس ابيض
8ملم تريبلكس ابيض*,تريبلكس ابيض
8ملم تريبلكس ابيض*,تريبلكس ابيض
8ملم تريبلكس ابيض*,تريبلكس ابيض
8.2ملم تريبلكس ابيض*,تريبلكس ابيض
8.2ملم تريبلكس ابيض*,تريبلكس ابيض
8.2ملم تريبلكس ابيض*,تريبلكس ابيض
8.2ملم تريبلكس ابيض*,تريبلكس ابيض
8.2ملم تريبلكس ابيض*,تريبلكس ابيض
8.2ملم تريبلكس ابيض*,تريبلكس ابيض
8.2ملم تريبلكس ابيض*,تريبلكس ابيض
8.2ملم تريبلكس ابيض*,تريبلكس ابيض
10ملم تريبلكس ابيض*,تريبلكس ابيض
10ملم تريبلكس ابيض*,تريبلكس ابيض
10ملم تريبلكس ابيض*,تريبلكس ابيض
10ملم تريبلكس ابيض*,تريبلكس ابيض
10ملم تريبلكس ابيض*,تريبلكس ابيض
10ملم تريبلكس ابيض*,تريبلكس ابيض
10ملم تريبلكس ابيض*,تريبلكس ابيض
10ملم تريبلكس ابيض*,تريبلكس ابيض
10ملم تريبلكس ابيض*,تريبلكس ابيض
10ملم تريبلكس ابيض*,تريبلكس ابيض
10ملم تريبلكس ابيض*,تريبلكس ابيض
10ملم تريبلكس ابيض*,تريبلكس ابيض
10ملم تريبلكس ابيض*,تريبلكس ابيض
10ملم تريبلكس ابيض*,تريبلكس ابيض
10ملم تريبلكس ابيض*,تريبلكس ابيض
10ملم تريبلكس ابيض*,تريبلكس ابيض
10ملم تريبلكس ابيض*,تريبلكس ابيض
10ملم تريبلكس ابيض*,تريبلكس ابيض
10ملم تريبلكس ابيض*,تريبلكس ابيض
10ملم تريبلكس ابيض*,تريبلكس ابيض
10ملم تريبلكس ابيض*,تريبلكس ابيض
10ملم تريبلكس ابيض*,تريبلكس ابيض
10ملم تريبلكس ابيض*,تريبلكس ابيض
10ملم تريبلكس ابيض*,تريبلكس ابيض
10ملم تريبلكس ابيض*,تريبلكس ابيض
10ملم تريبلكس ابيض*,تريبلكس ابيض
10ملم تريبلكس ابيض*,تريبلكس ابيض
10ملم تريبلكس ابيض*,تريبلكس ابيض
10ملم تريبلكس ابيض*,تريبلكس ابيض
10ملم تريبلكس ابيض*,تريبلكس ابيض
10.2ملم تريبلكس ابيض*,تريبلكس ابيض
10.2ملم تريبلكس ابيض*,تريبلكس ابيض
10.2ملم تريبلكس ابيض*,تريبلكس ابيض
10.2ملم تريبلكس ابيض*,تريبلكس ابيض
10.2ملم تريبلكس ابيض*,تريبلكس ابيض
10.2ملم تريبلكس ابيض*,تريبلكس ابيض
10.2ملم تريبلكس ابيض جامبو*,تريبلكس ابيض جامبو
12ملم تريبلكس ابيض*,تريبلكس ابيض
12ملم تريبلكس ابيض*,تريبلكس ابيض
12ملم تريبلكس ابيض*,تريبلكس ابيض
12ملم تريبلكس ابيض*,تريبلكس ابيض
12ملم تريبلكس ابيض*,تريبلكس ابيض
12ملم تريبلكس ابيض*,تريبلكس ابيض
12ملم تريبلكس ابيض*,تريبلكس ابيض
12ملم تريبلكس ابيض*,تريبلكس ابيض
12ملم تريبلكس ابيض*,تريبلكس ابيض
12ملم تريبلكس ابيض*,تريبلكس ابيض
12ملم تريبلكس ابيض*,تريبلكس ابيض
12ملم تريبلكس ابيض*,تريبلكس ابيض
12ملم تريبلكس ابيض*,تريبلكس ابيض
12ملم تريبلكس ابيض*,تريبلكس ابيض
12ملم تريبلكس ابيض*,تريبلكس ابيض
12ملم تريبلكس ابيض*,تريبلكس ابيض
12ملم تريبلكس ابيض*,تريبلكس ابيض
12ملم تريبلكس ابيض*,تريبلكس ابيض
12ملم تريبلكس ابيض*,تريبلكس ابيض
12ملم تريبلكس ابيض*,تريبلكس ابيض
12ملم تريبلكس ابيض*,تريبلكس ابيض
12ملم تريبلكس ابيض*,تريبلكس ابيض
12ملم تريبلكس ابيض*,تريبلكس ابيض
12ملم تريبلكس ابيض*,تريبلكس ابيض
12.2ملم تريبلكس ابيض*,تريبلكس ابيض
12.2ملم تريبلكس ابيض*,تريبلكس ابيض
12.2ملم تريبلكس ابيض*,تريبلكس ابيض
16.2ملم تريبلكس ابيض*,تريبلكس ابيض
16.2ملم تريبلكس ابيض*,تريبلكس ابيض
16.2ملم تريبلكس ابيض*,تريبلكس ابيض
16.2ملم تريبلكس ابيض*,تريبلكس ابيض
16.2ملم تريبلكس ابيض*,تريبلكس ابيض
6ملم تريبلكس اسود*,تريبلكس اسود
6ملم تريبلكس اسود*,تريبلكس اسود
6ملم تريبلكس اسود*,تريبلكس اسود
8ملم تريبلكس اسود*,تريبلكس اسود
8ملم تريبلكس اسود*,تريبلكس اسود
8ملم تريبلكس اسود*,تريبلكس اسود
8ملم تريبلكس اسود*,تريبلكس اسود
8ملم تريبلكس اسود*,تريبلكس اسود
8ملم تريبلكس اسود*,تريبلكس اسود
8ملم تريبلكس اسود*,تريبلكس اسود
6ملم تريبلكس برونز*,تريبلكس برونز
6ملم تريبلكس برونز*,تريبلكس برونز
6ملم تريبلكس برونز*,تريبلكس برونز
8ملم تريبلكس برونز*,تريبلكس برونز
8ملم تريبلكس برونز*,تريبلكس برونز
8ملم تريبلكس برونز*,تريبلكس برونز
8ملم تريبلكس برونز*,تريبلكس برونز
8ملم تريبلكس برونز*,تريبلكس برونز
8ملم تريبلكس برونز*,تريبلكس برونز
8ملم تريبلكس برونز*,تريبلكس برونز
10ملم تريبلكس برونز*,تريبلكس برونز
10ملم تريبلكس برونز*,تريبلكس برونز
10ملم تريبلكس برونز*,تريبلكس برونز
12ملم تريبلكس برونز*,تريبلكس برونز
12ملم تريبلكس برونز*,تريبلكس برونز
12ملم تريبلكس برونز*,تريبلكس برونز
6ملم تريبلكس اخضر*,تريبلكس اخضر
6ملم تريبلكس اخضر*,تريبلكس اخضر
6ملم تريبلكس اخضر*,تريبلكس اخضر
8ملم تريبلكس اخضر*,تريبلكس اخضر
8ملم تريبلكس اخضر*,تريبلكس اخضر
8ملم تريبلكس اخضر*,تريبلكس اخضر
6ملم تريبلكس مغشى*,تريبلكس مغشى
6ملم تريبلكس مغشى*,تريبلكس مغشى
6ملم تريبلكس مغشى*,تريبلكس مغشى
6ملم تريبلكس مغشى*,تريبلكس مغشى
6ملم تريبلكس مغشى*,تريبلكس مغشى
6ملم تريبلكس مغشى*,تريبلكس مغشى
8ملم تريبلكس مغشى*,تريبلكس مغشى
8ملم تريبلكس مغشى*,تريبلكس مغشى
8ملم تريبلكس مغشى*,تريبلكس مغشى
8ملم تريبلكس مغشى*,تريبلكس مغشى
8ملم تريبلكس مغشى*,تريبلكس مغشى
8ملم تريبلكس مغشى*,تريبلكس مغشى
8ملم تريبلكس مغشى*,تريبلكس مغشى
10ملم تريبلكس مغشى*,تريبلكس مغشى
10ملم تريبلكس مغشى*,تريبلكس مغشى
10ملم تريبلكس مغشى*,تريبلكس مغشى
10ملم تريبلكس مغشى*,تريبلكس مغشى
10ملم تريبلكس مغشى*,تريبلكس مغشى
10ملم تريبلكس مغشى*,تريبلكس مغشى
12ملم تريبلكس مغشى*,تريبلكس مغشى
12ملم تريبلكس مغشى*,تريبلكس مغشى
12ملم تريبلكس مغشى*,تريبلكس مغشى
16ملم تريبلكس مغشى*,تريبلكس مغشى
16ملم تريبلكس مغشى*,تريبلكس مغشى
16ملم تريبلكس مغشى*,تريبلكس مغشى
8ملم تريبلكس LOW-E*,تريبلكس LOW-E
8ملم تريبلكس LOW-E*,تريبلكس LOW-E
8ملم تريبلكس LOW-E*,تريبلكس LOW-E
8ملم تريبلكس LOW-E*,تريبلكس LOW-E
6.2ملم تريبلكسSilence*,تريبلكسSilence
6.2ملم تريبلكسSilence*,تريبلكسSilence
6.2ملم تريبلكسSilence*,تريبلكسSilence
6.2ملم تريبلكسSilence*,تريبلكسSilence
6.2ملم تريبلكسSilence*,تريبلكسSilence
6.2ملم تريبلكسSilence*,تريبلكسSilence
8.2ملم تريبلكسSilence*,تريبلكسSilence
8.2ملم تريبلكسSilence*,تريبلكسSilence
8.2ملم تريبلكسSilence*,تريبلكسSilence
8.2ملم تريبلكسSilence*,تريبلكسSilence
8.2ملم تريبلكسSilence*,تريبلكسSilence
8.2ملم تريبلكسSilence*,تريبلكسSilence
8.2ملم تريبلكسSilence*,تريبلكسSilence
8.2ملم تريبلكسSilence*,تريبلكسSilence
8.2ملم تريبلكسSilence*,تريبلكسSilence
8.2ملم تريبلكسSilence*,تريبلكسSilence
10.2ملم تريبلكسSilence*,تريبلكسSilence
10.2ملم تريبلكسSilence*,تريبلكسSilence
10.2ملم تريبلكسSilence*,تريبلكسSilence
10.2ملم تريبلكسSilence*,تريبلكسSilence
10.2ملم تريبلكسSilence*,تريبلكسSilence
10.2ملم تريبلكسSilence*,تريبلكسSilence
12.2ملم تريبلكسSilence*,تريبلكسSilence
12.2ملم تريبلكسSilence*,تريبلكسSilence
12.2ملم تريبلكسSilence*,تريبلكسSilence
12.2ملم تريبلكسSilence*,تريبلكسSilence
12.2ملم تريبلكسSilence*,تريبلكسSilence
12.2ملم تريبلكسSilence*,تريبلكسSilence
4ملم كريستال*,كريستال
4ملم كريستال*,كريستال
4ملم كريستال*,كريستال
6ملم كريستال*,كريستال
6ملم كريستال*,كريستال
6ملم كريستال*,كريستال
6ملم كريستال*,كريستال
6ملم كريستال*,كريستال
6ملم كريستال*,كريستال
6ملم كريستال*,كريستال
6ملم كريستال*,كريستال
6ملم كريستال*,كريستال
6ملم كريستال*,كريستال
6ملم كريستال*,كريستال
6ملم كريستال*,كريستال
6ملم كريستال*,كريستال
6ملم كريستال*,كريستال
6ملم كريستال*,كريستال
6ملم كريستال*,كريستال
6ملم كريستال*,كريستال
6ملم كريستال*,كريستال
6ملم كريستال*,كريستال
6ملم كريستال*,كريستال
6ملم كريستال*,كريستال
6ملم كريستال*,كريستال
6ملم كريستال*,كريستال
8ملم كريستال*,كريستال
8ملم كريستال*,كريستال
8ملم كريستال*,كريستال
8ملم كريستال*,كريستال
8ملم كريستال*,كريستال
8ملم كريستال*,كريستال
8ملم كريستال*,كريستال
8ملم كريستال*,كريستال
8ملم كريستال*,كريستال
8ملم كريستال*,كريستال
8ملم كريستال*,كريستال
8ملم كريستال*,كريستال
8ملم كريستال*,كريستال
8ملم كريستال*,كريستال
8ملم كريستال*,كريستال
8ملم كريستال*,كريستال
8ملم كريستال*,كريستال
8ملم كريستال*,كريستال
8ملم كريستال*,كريستال
8ملم كريستال*,كريستال
8ملم كريستال*,كريستال
8ملم كريستال*,كريستال
8ملم كريستال*,كريستال
8ملم كريستال*,كريستال
8ملم كريستال*,كريستال
10ملم كريستال*,كريستال
10ملم كريستال*,كريستال
10ملم كريستال*,كريستال
10ملم كريستال*,كريستال
10ملم كريستال*,كريستال
10ملم كريستال*,كريستال
10ملم كريستال*,كريستال
10ملم كريستال*,كريستال
10ملم كريستال*,كريستال
10ملم كريستال*,كريستال
10ملم كريستال*,كريستال
10ملم كريستال*,كريستال
10ملم كريستال*,كريستال
10ملم كريستال*,كريستال
10ملم كريستال*,كريستال
10ملم كريستال*,كريستال
10ملم كريستال*,كريستال
10ملم كريستال*,كريستال
10ملم كريستال*,كريستال
10ملم كريستال*,كريستال
10ملم كريستال*,كريستال
10ملم كريستال*,كريستال
12ملم كريستال*,كريستال
12ملم كريستال*,كريستال
12ملم كريستال*,كريستال
12ملم كريستال*,كريستال
12ملم كريستال*,كريستال
12ملم كريستال*,كريستال
12ملم كريستال*,كريستال
12ملم كريستال*,كريستال
12ملم كريستال*,كريستال
12ملم كريستال*,كريستال
12ملم كريستال*,كريستال
12ملم كريستال*,كريستال
12ملم كريستال*,كريستال
12ملم كريستال*,كريستال
12ملم كريستال*,كريستال
12ملم كريستال*,كريستال
15ملم كريستال*,كريستال
15ملم كريستال*,كريستال
15ملم كريستال*,كريستال
15ملم كريستال*,كريستال
15ملم كريستال*,كريستال
15ملم كريستال*,كريستال
15ملم كريستال*,كريستال
15ملم كريستال*,كريستال
15ملم كريستال*,كريستال
15ملم كريستال*,كريستال
15ملم كريستال*,كريستال
15ملم كريستال*,كريستال
15ملم كريستال*,كريستال
15ملم كريستال جامبو*,كريستال جامبو
15ملم كريستال جامبو*,كريستال جامبو
19ملم كريستال*,كريستال
19ملم كريستال*,كريستال
19ملم كريستال*,كريستال
19ملم كريستال*,كريستال
19ملم كريستال*,كريستال
19ملم كريستال*,كريستال
19ملم كريستال*,كريستال
4ملم مدهون اسود*,مدهون اسود
4ملم مدهون اسود*,مدهون اسود
4ملم مدهون اسود*,مدهون اسود
4ملم مدهون اسود*,مدهون اسود
4ملم مدهون اسود*,مدهون اسود
6ملم مدهون اسود*,مدهون اسود
6ملم مدهون اسود*,مدهون اسود
6ملم مدهون اسود*,مدهون اسود
6ملم مدهون اسود*,مدهون اسود
6ملم مدهون اسود*,مدهون اسود
6ملم مدهون اسود*,مدهون اسود
6ملم مدهون اسود*,مدهون اسود
4ملم كريستال مدهون ابيض*,كريستال مدهون ابيض
4ملم كريستال مدهون ابيض*,كريستال مدهون ابيض
4ملم كريستال مدهون ابيض*,كريستال مدهون ابيض
6ملم كريستال مدهون ابيض*,كريستال مدهون ابيض
6ملم كريستال مدهون ابيض*,كريستال مدهون ابيض
6ملم كريستال مدهون ابيض*,كريستال مدهون ابيض
6ملم كريستال مدهون ابيض*,كريستال مدهون ابيض
6ملم كريستال مدهون ابيض*,كريستال مدهون ابيض
3ملم سادة اخضر*,سادة اخضر
3ملم سادة اخضر*,سادة اخضر
3ملم سادة اخضر*,سادة اخضر
3ملم سادة ازرق*,سادة ازرق
3ملم سادة ازرق*,سادة ازرق
3ملم سادة ازرق*,سادة ازرق
3ملم سادة عسلي*,سادة عسلي
3ملم سادة عسلي*,سادة عسلي
3ملم سادة عسلي*,سادة عسلي
3.5ملم محجر دلتا ابيض*,محجر دلتا ابيض
محجر دلتا ابيض*,محجر دلتا ابيض
محجر دلتا ابيض*,محجر دلتا ابيض
محجر دلتا ابيض*,محجر دلتا ابيض
محجر دلتا ابيض*,محجر دلتا ابيض
4ملم محجر دلتا ابيض*,محجر دلتا ابيض
4ملم محجر دلتا ابيض*,محجر دلتا ابيض
4ملم محجر دلتا ابيض*,محجر دلتا ابيض
4ملم محجر دلتا ابيض*,محجر دلتا ابيض
4ملم محجر دلتا ابيض*,محجر دلتا ابيض
4ملم محجر دلتا ابيض*,محجر دلتا ابيض
4ملم محجر دلتا ابيض*,محجر دلتا ابيض
3.5ملم محجر بازل ابيض*,محجر بازل ابيض
محجر بازل ابيض*,محجر بازل ابيض
محجر بازل ابيض*,محجر بازل ابيض
4ملم محجر بازل ابيض*,محجر بازل ابيض
4ملم محجر بازل ابيض*,محجر بازل ابيض
4ملم محجر بازل ابيض*,محجر بازل ابيض
3.5ملم محجر دلتا برونز*,محجر دلتا برونز
4ملم محجر صليب ابيض*,محجر صليب ابيض
4ملم محجر صليب ابيض*,محجر صليب ابيض
4ملم محجر صليب ابيض*,محجر صليب ابيض
4ملم محجر صليب ابيض*,محجر صليب ابيض
4ملم محجر صليب ابيض*,محجر صليب ابيض
4ملم محجر صليب ابيض*,محجر صليب ابيض
4ملم محجر صليب ابيض*,محجر صليب ابيض
4ملم محجر صليب ابيض*,محجر صليب ابيض
4ملم محجر صليب ابيض*,محجر صليب ابيض
4ملم محجر صليب ابيض*,محجر صليب ابيض
4ملم محجر صليب ابيض*,محجر صليب ابيض
4ملم محجر صليب ابيض*,محجر صليب ابيض
4ملم محجر صليب ابيض*,محجر صليب ابيض
4ملم محجر صليب ابيض*,محجر صليب ابيض
4ملم محجر صليب ابيض*,محجر صليب ابيض
4ملم محجر طاووس ابيض*,محجر طاووس ابيض
4ملم محجر طاووس ابيض*,محجر طاووس ابيض
4ملم محجر طاووس ابيض*,محجر طاووس ابيض
4ملم محجر شلال ابيض*,محجر شلال ابيض
4ملم محجر شلال ابيض*,محجر شلال ابيض
4ملم محجر شلال ابيض*,محجر شلال ابيض
4ملم محجر منقط ابيض*,محجر منقط ابيض
4ملم محجر منقط ابيض*,محجر منقط ابيض
4ملم محجر منقط ابيض*,محجر منقط ابيض
5ملم محجر منقط ابيض*,محجر منقط ابيض
5ملم محجر منقط ابيض*,محجر منقط ابيض
5ملم محجر منقط ابيض*,محجر منقط ابيض
4ملم محجر برش خشن ابيض*,محجر برش خشن ابيض
4ملم محجر برش خشن ابيض*,محجر برش خشن ابيض
4ملم محجر برش خشن ابيض*,محجر برش خشن ابيض
4ملم محجر شانشيلا*,محجر شانشيلا
4ملم محجر شانشيلا*,محجر شانشيلا
4ملم محجر شانشيلا*,محجر شانشيلا
4ملم محجر فرزتشي*,محجر فرزتشي
4ملم محجر فرزتشي*,محجر فرزتشي
4ملم محجر فرزتشي*,محجر فرزتشي
4ملم محجر بامبو ابيض*,محجر بامبو ابيض
4ملم محجر بامبو ابيض*,محجر بامبو ابيض
4ملم محجر بامبو ابيض*,محجر بامبو ابيض
4ملم محجر زلحفة ابيض*,محجر زلحفة ابيض
4ملم محجر زلحفة ابيض*,محجر زلحفة ابيض
4ملم محجر زلحفة ابيض*,محجر زلحفة ابيض
4ملم محجر زلحفة ابيض*,محجر زلحفة ابيض
4ملم محجر زلحفة ابيض*,محجر زلحفة ابيض
5ملم مقلم كريستال*,مقلم كريستال
4ملم محجر مطبع ابيض *,محجر مطبع ابيض
4ملم محجر مسدس عسلي*,محجر مسدس عسلي
5ملم محجر بازل اسود*,محجر بازل اسود
5ملم محجر بازل اسود*,محجر بازل اسود
5ملم محجر بازل اسود*,محجر بازل اسود
5ملم محجر بازل اسود*,محجر بازل اسود
5ملم محجر بازل اسود*,محجر بازل اسود
5ملم محجر بازل اسود*,محجر بازل اسود
5ملم محجر بازل اسود*,محجر بازل اسود
5ملم محجر بازل اسود*,محجر بازل اسود
محجر دلتا برونز*,محجر دلتا برونز
محجر دلتا برونز*,محجر دلتا برونز
4ملم محجر دلتا برونز*,محجر دلتا برونز
4ملم محجر دلتا برونز*,محجر دلتا برونز
4ملم محجر دلتا برونز*,محجر دلتا برونز
4ملم محجر دلتا برونز*,محجر دلتا برونز
4ملم محجر دلتا برونز*,محجر دلتا برونز
4ملم محجر دلتا برونز*,محجر دلتا برونز
4ملم محجر دلتا برونز*,محجر دلتا برونز
3ملم محجر بازل برونز*,محجر بازل برونز
4ملم محجر بازل برونز*,محجر بازل برونز
4ملم محجر بازل برونز*,محجر بازل برونز
4ملم محجر بازل برونز*,محجر بازل برونز
4ملم محجر طاووس برونز*,محجر طاووس برونز
4ملم محجر طاووس برونز*,محجر طاووس برونز
4ملم محجر طاووس برونز*,محجر طاووس برونز
4ملم محجر شلال برونز*,محجر شلال برونز
4ملم محجر شلال برونز*,محجر شلال برونز
4ملم محجر شلال برونز*,محجر شلال برونز
4ملم محجر شلال برونز*,محجر شلال برونز
5ملم محجر بامبو برونز*,محجر بامبو برونز
5ملم محجر بامبو برونز*,محجر بامبو برونز
5ملم محجر بامبو برونز*,محجر بامبو برونز
5ملم محجر بامبو برونز*,محجر بامبو برونز
5ملم محجر بامبو برونز*,محجر بامبو برونز
5ملم محجر بامبو برونز*,محجر بامبو برونز
5ملم محجر بامبو برونز*,محجر بامبو برونز
4ملم محجر زلحفة برونز*,محجر زلحفة برونز
4ملم محجر زلحفة برونز*,محجر زلحفة برونز
4ملم محجر زلحفة برونز*,محجر زلحفة برونز
4ملم محجر زلحفة اخضر*,محجر زلحفة اخضر
4ملم محجر زلحفة اخضر*,محجر زلحفة اخضر
4ملم محجر زلحفة اخضر*,محجر زلحفة اخضر
4ملم محجر زلحفة ازرق*,محجر زلحفة ازرق
4ملم محجر زلحفة ازرق*,محجر زلحفة ازرق
4ملم محجر زلحفة ازرق*,محجر زلحفة ازرق
4ملم محجر زلحفة ازرق*,محجر زلحفة ازرق
4ملم محجر زلحفة ازرق*,محجر زلحفة ازرق
4ملم محجر زلحفة ازرق*,محجر زلحفة ازرق
4ملم محجر زلحفة ازرق*,محجر زلحفة ازرق
4ملم محجر زلحفة عسلي*,محجر زلحفة عسلي
4ملم محجر زلحفة عسلي*,محجر زلحفة عسلي
4ملم محجر زلحفة عسلي*,محجر زلحفة عسلي
4ملم محجر زلحفة عسلي*,محجر زلحفة عسلي
4ملم محجر زلحفة عسلي*,محجر زلحفة عسلي
4ملم محجر زلحفة عسلي*,محجر زلحفة عسلي
4ملم محجر زلحفة عسلي*,محجر زلحفة عسلي
4ملم محجر زلحفة خمري*,محجر زلحفة خمري
4ملم محجر زلحفة خمري*,محجر زلحفة خمري
4ملم محجر زلحفة خمري*,محجر زلحفة خمري
4ملم دلتا اسيد ابيض*,دلتا اسيد ابيض
4ملم دلتا اسيد ابيض*,دلتا اسيد ابيض
4ملم دلتا اسيد ابيض*,دلتا اسيد ابيض
4ملم دلتا اسيد ابيض*,دلتا اسيد ابيض
4ملم دلتا اسيد ابيض*,دلتا اسيد ابيض
5ملم شلال اسيد ابيض*,شلال اسيد ابيض
4ملم منقط اسيد ابيض*,منقط اسيد ابيض
4ملم منقط اسيد ابيض*,منقط اسيد ابيض
4ملم منقط اسيد ابيض*,منقط اسيد ابيض
5ملم منقط اسيد ابيض*,منقط اسيد ابيض
5ملم بامبو مغشى اسيد ابيض*,بامبو مغشى اسيد ابيض
4ملم سجادة اسيد ابيض*,سجادة اسيد ابيض
4ملم سجادة اسيد ابيض*,سجادة اسيد ابيض
4ملم سجادة اسيد ابيض*,سجادة اسيد ابيض
4ملم سجادة اسيد ابيض*,سجادة اسيد ابيض
4ملم سجادة اسيد ابيض*,سجادة اسيد ابيض
4ملم سجادة اسيد ابيض*,سجادة اسيد ابيض
4ملم سجادة اسيد ابيض*,سجادة اسيد ابيض
4ملم عريشة اسيد ابيض*,عريشة اسيد ابيض
4ملم عريشة اسيد ابيض*,عريشة اسيد ابيض
4ملم عريشة اسيد ابيض*,عريشة اسيد ابيض
4ملم عريشة اسيد ابيض*,عريشة اسيد ابيض
4ملم عريشة اسيد ابيض*,عريشة اسيد ابيض
4ملم وردة كارى اسيد ابيض*,وردة كارى اسيد ابيض
4ملم وردة كارى اسيد ابيض*,وردة كارى اسيد ابيض
4ملم وردة كارى اسيد ابيض*,وردة كارى اسيد ابيض
4ملم زيتوني اسيد ابيض*,زيتوني اسيد ابيض
4ملم زيتوني اسيد ابيض*,زيتوني اسيد ابيض
4ملم زيتوني اسيد ابيض*,زيتوني اسيد ابيض
4ملم زيتوني اسيد ابيض*,زيتوني اسيد ابيض
4ملم زيتوني اسيد ابيض*,زيتوني اسيد ابيض
4ملم ياسمين اسيد ابيض*,ياسمين اسيد ابيض
4ملم ياسمين اسيد ابيض*,ياسمين اسيد ابيض
4ملم ياسمين اسيد ابيض*,ياسمين اسيد ابيض
4ملم ياسمين اسيد ابيض*,ياسمين اسيد ابيض
4ملم ياسمين اسيد ابيض*,ياسمين اسيد ابيض
4ملم ياسمين اسيد ابيض*,ياسمين اسيد ابيض
4ملم ياسمين اسيد ابيض*,ياسمين اسيد ابيض
4ملم مقلم اسيد ابيض*,مقلم اسيد ابيض
4ملم مقلم اسيد ابيض*,مقلم اسيد ابيض
4ملم مقلم اسيد ابيض*,مقلم اسيد ابيض
5ملم مقلم اسيد ابيض*,مقلم اسيد ابيض
5ملم مقلم اسيد ابيض*,مقلم اسيد ابيض
5ملم مقلم اسيد ابيض*,مقلم اسيد ابيض
5ملم مقلم اسيد ابيض*,مقلم اسيد ابيض
5ملم مقلم اسيد ابيض*,مقلم اسيد ابيض
4ملم نانسي اسيد ابيض*,نانسي اسيد ابيض
4ملم نانسي اسيد ابيض*,نانسي اسيد ابيض
4ملم نانسي اسيد ابيض*,نانسي اسيد ابيض
4ملم جنزير اسيد ابيض*,جنزير اسيد ابيض
4ملم جنزير اسيد ابيض*,جنزير اسيد ابيض
4ملم جنزير اسيد ابيض*,جنزير اسيد ابيض
4ملم دلتا اسيد برونز*,دلتا اسيد برونز
4ملم دلتا اسيد برونز*,دلتا اسيد برونز
4ملم دلتا اسيد برونز*,دلتا اسيد برونز
4ملم دلتا اسيد برونز*,دلتا اسيد برونز
4ملم دلتا اسيد برونز*,دلتا اسيد برونز
4ملم دلتا اسيد برونز*,دلتا اسيد برونز
4ملم دلتا اسيد برونز*,دلتا اسيد برونز
4ملم دلتا اسيد برونز*,دلتا اسيد برونز
5ملم شلال اسيد برونز*,شلال اسيد برونز
4ملم منقط اسيد برونز*,منقط اسيد برونز
4ملم منقط اسيد برونز*,منقط اسيد برونز
4ملم منقط اسيد برونز*,منقط اسيد برونز
4ملم منقط اسيد برونز*,منقط اسيد برونز
5ملم بامبو مغشى برونز*,بامبو مغشى برونز
4ملم سجادة اسيد برونز*,سجادة اسيد برونز
4ملم سجادة اسيد برونز*,سجادة اسيد برونز
4ملم سجادة اسيد برونز*,سجادة اسيد برونز
4ملم سجادة اسيد برونز*,سجادة اسيد برونز
4ملم سجادة اسيد برونز*,سجادة اسيد برونز
4ملم سجادة اسيد برونز*,سجادة اسيد برونز
4ملم سجادة اسيد برونز*,سجادة اسيد برونز
4ملم عريشة اسيد برونز*,عريشة اسيد برونز
4ملم عريشة اسيد برونز*,عريشة اسيد برونز
4ملم عريشة اسيد برونز*,عريشة اسيد برونز
4ملم عريشة اسيد برونز*,عريشة اسيد برونز
4ملم عريشة اسيد برونز*,عريشة اسيد برونز
4ملم عريشة اسيد برونز*,عريشة اسيد برونز
4ملم عريشة اسيد برونز*,عريشة اسيد برونز
4ملم وردة كارى اسيد برونز*,وردة كارى اسيد برونز
4ملم وردة كارى اسيد برونز*,وردة كارى اسيد برونز
4ملم وردة كارى اسيد برونز*,وردة كارى اسيد برونز
4ملم وردة كارى اسيد برونز*,وردة كارى اسيد برونز
4ملم وردة كارى اسيد برونز*,وردة كارى اسيد برونز
4ملم وردة كارى اسيد برونز*,وردة كارى اسيد برونز
4ملم وردة كارى اسيد برونز*,وردة كارى اسيد برونز
4ملم وردة كارى اسيد برونز*,وردة كارى اسيد برونز
4ملم وردة كارى اسيد برونز*,وردة كارى اسيد برونز
4ملم زيتوني اسيد برونز*,زيتوني اسيد برونز
4ملم زيتوني اسيد برونز*,زيتوني اسيد برونز
4ملم زيتوني اسيد برونز*,زيتوني اسيد برونز
4ملم زيتوني اسيد برونز*,زيتوني اسيد برونز
4ملم زيتوني اسيد برونز*,زيتوني اسيد برونز
4ملم زيتوني اسيد برونز*,زيتوني اسيد برونز
4ملم زيتوني اسيد برونز*,زيتوني اسيد برونز
4ملم ياسمين اسيد برونز*,ياسمين اسيد برونز
4ملم ياسمين اسيد برونز*,ياسمين اسيد برونز
4ملم ياسمين اسيد برونز*,ياسمين اسيد برونز
4ملم ياسمين اسيد برونز*,ياسمين اسيد برونز
4ملم ياسمين اسيد برونز*,ياسمين اسيد برونز
4ملم نانسي اسيد برونز*,نانسي اسيد برونز
4ملم نانسي اسيد برونز*,نانسي اسيد برونز
4ملم نانسي اسيد برونز*,نانسي اسيد برونز
محجر اسيد ديكور رقم 1*,محجر اسيد ديكور رقم 1
محجر اسيد ديكور رقم 1*,محجر اسيد ديكور رقم 1
محجر اسيد ديكور رقم 1*,محجر اسيد ديكور رقم 1
محجر اسيد ديكور رقم 1*,محجر اسيد ديكور رقم 1
محجر اسيد ديكور رقم 1*,محجر اسيد ديكور رقم 1
محجر اسيد ديكور رقم 2*,محجر اسيد ديكور رقم 2
محجر اسيد ديكور رقم 2*,محجر اسيد ديكور رقم 2
محجر اسيد ديكور رقم 2*,محجر اسيد ديكور رقم 2
محجر اسيد ديكور رقم 2*,محجر اسيد ديكور رقم 2
محجر اسيد ديكور رقم 2*,محجر اسيد ديكور رقم 2
محجر اسيد ديكور رقم 2*,محجر اسيد ديكور رقم 2
محجر اسيد ديكور رقم 3*,محجر اسيد ديكور رقم 3
محجر اسيد ديكور رقم 3*,محجر اسيد ديكور رقم 3
محجر اسيد ديكور رقم 3*,محجر اسيد ديكور رقم 3
محجر اسيد ديكور رقم 4*,محجر اسيد ديكور رقم 4
محجر اسيد ديكور رقم 4*,محجر اسيد ديكور رقم 4
محجر اسيد ديكور رقم 4*,محجر اسيد ديكور رقم 4
محجر اسيد ديكور رقم 4*,محجر اسيد ديكور رقم 4
محجر اسيد ديكور رقم 5*,محجر اسيد ديكور رقم 5
محجر اسيد ديكور رقم 5*,محجر اسيد ديكور رقم 5
محجر اسيد ديكور رقم 5*,محجر اسيد ديكور رقم 5
محجر اسيد ديكور رقم 5*,محجر اسيد ديكور رقم 5
محجر اسيد ديكور رقم 6*,محجر اسيد ديكور رقم 6
محجر اسيد ديكور رقم 6*,محجر اسيد ديكور رقم 6
محجر اسيد ديكور رقم 6*,محجر اسيد ديكور رقم 6
محجر اسيد ديكور رقم 6*,محجر اسيد ديكور رقم 6
محجر اسيد ديكور رقم 7*,محجر اسيد ديكور رقم 7
محجر اسيد ديكور رقم 7*,محجر اسيد ديكور رقم 7
محجر اسيد ديكور رقم 7*,محجر اسيد ديكور رقم 7
محجر اسيد ديكور رقم 7*,محجر اسيد ديكور رقم 7
محجر اسيد ديكور رقم 7*,محجر اسيد ديكور رقم 7
محجر اسيد ديكور رقم 7*,محجر اسيد ديكور رقم 7
محجر اسيد ديكور رقم 7*,محجر اسيد ديكور رقم 7
محجر اسيد ديكور رقم 8*,محجر اسيد ديكور رقم 8
محجر اسيد ديكور رقم 8*,محجر اسيد ديكور رقم 8
محجر اسيد ديكور رقم 8*,محجر اسيد ديكور رقم 8
محجر اسيد ديكور رقم 9*,محجر اسيد ديكور رقم 9
محجر اسيد ديكور رقم 9*,محجر اسيد ديكور رقم 9
محجر اسيد ديكور رقم 9*,محجر اسيد ديكور رقم 9
محجر اسيد ديكور رقم 9*,محجر اسيد ديكور رقم 9
محجر اسيد ديكور رقم 9*,محجر اسيد ديكور رقم 9
محجر اسيد ديكور رقم 9*,محجر اسيد ديكور رقم 9
محجر اسيد ديكور رقم 9*,محجر اسيد ديكور رقم 9
محجر اسيد ديكور رقم 10*,محجر اسيد ديكور رقم 10
محجر اسيد ديكور رقم 10*,محجر اسيد ديكور رقم 10
محجر اسيد ديكور رقم 10*,محجر اسيد ديكور رقم 10
محجر اسيد ديكور رقم 10*,محجر اسيد ديكور رقم 10
محجر اسيد ديكور رقم 10*,محجر اسيد ديكور رقم 10
محجر اسيد ديكور رقم 10*,محجر اسيد ديكور رقم 10
محجر اسيد ديكور رقم 10*,محجر اسيد ديكور رقم 10
مرايا اسيد مشكل*,مرايا اسيد مشكل
مرايا اسيد ملون *,مرايا اسيد ملون
محجر اسيد مشكل*,محجر اسيد مشكل
محجر اسيد مشكل*,محجر اسيد مشكل
محجر اسيد مشكل*,محجر اسيد مشكل
محجر اسيد مشكل*,محجر اسيد مشكل
محجر اسيد مشكل*,محجر اسيد مشكل
محجر اسيد مشكل*,محجر اسيد مشكل
محجر اسيد مشكل*,محجر اسيد مشكل
محجر اسيد مشكل*,محجر اسيد مشكل
