item_name_sort_index,name,thickness,thickness_sort_index
1,مات,2,1
2,ابيض,2,1
3,ابيض,3,2
4,ابيض,4,3
5,ابيض,5,4
6,ابيض,5.5,5
7,ابيض,6,6
8,ابيض جامبو,6,1
9,ابيض,8,7
10,ابيض جامبو,8,2
11,ابيض جامبو,10,3
12,ابيض,12,8
13,ابيض جامبو,12,4
14,ابيض,15,9
15,ابيض,19,10
16,اسود,4,1
17,اسود,5,2
18,اسود,5.5,3
19,اسود,6,4
20,اسود,8,5
21,اسود,10,6
22,اسود,12,7
23,برونز,3,1
24,برونز,4,2
25,برونز,5,3
26,برونز,5.5,4
27,برونز,6,5
28,برونز,8,6
29,برونز,10,7
30,برونز,12,8
31,اخضر فاتح,5.5,1
32,اخضر فاتح,8,2
33,اخضر فاتح,10,3
34,اخضر فاتح,12,4
35,اخضر غامق,5,1
36,اخضر غامق,5.3,2
37,عاكس اخضر غامق,5.3,3
38,اخضر,5.5,1
39,اخضر غامق,5.5,3
40,اخضر,5.5,1
41,ازرق فاتح,5.5,1
42,ازرق فاتح,6,2
43,ازرق فاتح,8,3
44,ازرق فاتح,10,4
45,ازرق غامق,5,1
46,ازرق غامق,,
47,ازرق غامق,5.3,2
48,ازرق غامق,5.5,3
49,ازرق غامق,6,4
50,بلو غرين,6,1
51,ايفير غرين,6,1
52,اسود غامق,6,1
53,زهر,6,1
54,عاكس ابيض,5.5,1
55,عاكس ابيض,6,2
56,عاكس ابيض,8,1
57,عاكس اسود,4,1
58,عاكس اسود,5.5,2
59,عاكس اسود,6,3
60,عاكس اسود,8,4
61,عاكس اسود,10,5
62,عاكس برونز,4,1
63,عاكس برونز,4,1
64,عاكس برونز,5,2
65,عاكس برونز,,
66,عاكس برونز,5.5,2
67,عاكس برونز,6,3
68,عاكس برونز,8,4
69,عاكس برونز,10,5
70,عاكس اخضر فاتح,5.5,1
71,عاكس اخضر فاتح,6,2
72,عاكس اخضر,8,1
73,عاكس اخضر غامق,4,1
74,عاكس اخضر غامق,5,2
75,عاكس اخضر غامق,5.3,4
76,عاكس اخضر غامق,5.5,5
77,عاكس ازرق فاتح,5.5,1
78,عاكس ازرق فاتح,6,2
79,عاكس ازرق فاتح,8,1
80,عاكس ازرق غامق,,
81,عاكس ازرق غامق,5.3,1
82,عاكس ازرق غامق,5.5,2
83,عاكس ازرق غامق,6,3
84,عاكس زهر,6,1
85,عاكسSuperSilver,6,1
86,LOW-E,6,1
87,LOW-E N70,6,1
88,LOW-E N71,6,1
89,LOW-E,8,2
90,LOW-E N70,8,2
91,LOW-E N70,10,3
92,عاكس LOW-E,10,1
93,مشرط ابيض,6,1
94,مشرط ابيض شفاف,6,1
95,مشرط ابيض دلتا,6,1
96,مشرط اسود,6,1
97,مشرط برونز,6,1
98,مشرط اخضر,6,1
99,مشرط ازرق,6,1
100,مشرط عسلي,6,1
101,برش ابيض,4,1
102,برش ابيض,5.5,2
103,برش ابيض,8,3
104,برش ابيض,10,4
105,برش اسود,,
106,برش برونز,5.5,1
107,برش اخضر,5.5,1
108,مغشى اسيد,4,1
109,مغشى اسيد,6,2
110,مغشى اسيد,8,3
111,مغشى اسيد,10,4
112,مغشى اسيد,12,5
113,مغشى ابيض,3,1
114,مغشى ابيض,4,2
115,مغشى ابيض,5,3
116,مغشى ابيض,6,4
117,زجاج ناري,4,1
118,مرايا ابيض,3,1
119,مرايا ابيض صغير,4,1
120,مرايا ابيض,4,2
121,مرايا ابيض,5,3
122,مرايا ابيض,6,4
123,مرايا ابيض,8,6
124,مرايا اسود,4,1
125,مرايا اسود,5,2
126,مرايا اسود,6,3
127,مرايا برونز,4,1
128,مرايا برونز,5,2
129,مرايا برونز,6,3
130,مرايا اخضر,5,1
131,مرايا اخضر,6,2
132,مرايا ازرق,4,1
133,مرايا ازرق,5,2
134,مرايا زهر,4,1
135,مرايا زهر,5,2
136,مرايا زهر,6,3
137,مرايا ذهبي,4,1
138,مرايا ذهبي,5,2
139,مرايا ابيض,6,5
140,مرايا كريتسال ابيض,6,1
141,مرايا معتق - رقم 1,4,1
142,مرايا معتق - رقم 1,6,2
143,مرايا معتق - رقم 2,6,1
144,مرايا معتق - رقم 3,6,1
145,مرايا معتق - رقم 4,6,1
146,مرايا معتق - رقم 5,6,1
147,مرايا معتق - رقم 6,6,1
148,مرايا معتق - رقم 7,6,1
149,تريبلكس ابيض,6,1
150,تريبلكس ابيض,6.2,2
151,تريبلكس ابيض,8,3
152,تريبلكس ابيض,8.2,4
153,تريبلكس ابيض,10,5
154,تريبلكس ابيض,10.2,6
155,تريبلكس ابيض جامبو,10.2,1
156,تريبلكس ابيض,12,7
157,تريبلكس ابيض,12.2,8
158,تريبلكس ابيض,16.2,9
159,تريبلكس اسود,6,1
160,تريبلكس اسود,8,2
161,تريبلكس برونز,6,1
162,تريبلكس برونز,8,2
163,تريبلكس برونز,10,3
164,تريبلكس برونز,12,4
165,تريبلكس اخضر,6,1
166,تريبلكس اخضر,8,2
167,تريبلكس مغشى,6,1
168,تريبلكس مغشى,8,2
169,تريبلكس مغشى,10,3
170,تريبلكس مغشى,12,4
171,تريبلكس مغشى,16,5
172,تريبلكس LOW-E,8,1
173,تريبلكسSilence,6.2,1
174,تريبلكسSilence,8.2,2
175,تريبلكسSilence,10.2,3
176,تريبلكسSilence,12.2,4
177,كريستال,4,1
178,كريستال,6,2
179,كريستال,8,3
180,كريستال,10,4
181,كريستال,12,5
182,كريستال,15,6
183,كريستال جامبو,15,1
184,كريستال,19,7
185,مدهون اسود,4,1
186,مدهون اسود,6,2
187,كريستال مدهون ابيض,4,1
188,كريستال مدهون ابيض,6,2
189,سادة اخضر,3,1
190,سادة ازرق,3,1
191,سادة عسلي,3,1
192,محجر دلتا ابيض,4,1
193,محجر دلتا ابيض,,
194,محجر بازل ابيض,4,1
195,محجر بازل ابيض,,
196,محجر دلتا برونز,4,1
197,محجر صليب ابيض,4,1
198,محجر طاووس ابيض,4,1
199,محجر شلال ابيض,4,1
200,محجر منقط ابيض,4,1
201,محجر منقط ابيض,5,2
202,محجر برش خشن ابيض,4,1
203,محجر شانشيلا,4,1
204,محجر فرزتشي,4,1
205,محجر بامبو ابيض,4,1
206,محجر زلحفة ابيض,4,1
207,محجر مطبع ابيض,4,1
208,محجر مسدس عسلي,4,1
209,محجر بازل اسود,5,1
210,محجر دلتا برونز,,
211,محجر بازل برونز,3,1
212,محجر بازل برونز,4,2
213,محجر طاووس برونز,4,1
214,محجر شلال برونز,4,1
215,محجر بامبو برونز,5,1
216,محجر زلحفة برونز,4,1
217,محجر زلحفة اخضر,4,1
218,محجر زلحفة ازرق,4,1
219,محجر زلحفة عسلي,4,1
220,محجر زلحفة خمري,4,1
221,دلتا اسيد ابيض,4,1
222,شلال اسيد ابيض,5,1
223,منقط اسيد ابيض,4,1
224,منقط اسيد ابيض,5,2
225,بامبو مغشى اسيد ابيض,5,1
226,سجادة اسيد ابيض,4,1
227,عريشة اسيد ابيض,4,1
228,وردة كارى اسيد ابيض,4,1
229,زيتوني اسيد ابيض,4,1
230,ياسمين اسيد ابيض,4,1
231,مقلم اسيد ابيض,4,1
232,مقلم اسيد ابيض,5,2
233,نانسي اسيد ابيض,4,1
234,جنزير اسيد ابيض,4,1
235,دلتا اسيد برونز,4,1
236,شلال اسيد برونز,5,1
237,منقط اسيد برونز,4,1
238,بامبو مغشى برونز,5,1
239,سجادة اسيد برونز,4,1
240,عريشة اسيد برونز,4,1
241,وردة كارى اسيد برونز,4,1
242,زيتوني اسيد برونز,4,1
243,ياسمين اسيد برونز,4,1
244,نانسي اسيد برونز,4,1
245,محجر اسيد ديكور رقم 1,,
246,محجر اسيد ديكور رقم 2,,
247,محجر اسيد ديكور رقم 3,,
248,محجر اسيد ديكور رقم 4,,
249,محجر اسيد ديكور رقم 5,,
250,محجر اسيد ديكور رقم 6,,
251,محجر اسيد ديكور رقم 7,,
252,محجر اسيد ديكور رقم 8,,
253,محجر اسيد ديكور رقم 9,,
254,محجر اسيد ديكور رقم 10,,
255,مرايا اسيد مشكل,,
256,مرايا اسيد ملون,,
257,محجر اسيد تلفزيون,,
258,محجر اسيد مشكل,,
259,زاوية60سم,,
260,زاوية 80سم,,
261,زاوية 90سم,,
262,زاوية 100سم,,
263,زاوية 110سم,,
264,زاوية 120سم,,
265,زاوية 130 سم,,
266,زاوية 140 سم,,
267,زاوية 145 سم زرقاء,,
268,زاوية 150سم,,
269,زاوية 155سم,,
270,زاوية 160سم,,
271,بيكار 40سم,,
272,بيكار 50 سم,,
273,بيكار 80 سم,,
274,بيكار120سم,,
275,بيكار140سم,,
276,بيكار180سم,,
277,بيكار150سم,,
278,مسطرة قص120سم,,
279,مسطرة قص150سم,,
280,مسطرة قص180سم,,
281,راس مسطرة قص,,
282,مسطرة(زاوية),,
283,دولاب كاز,,
284,دولاب خشب,,
285,بنسة زجاج,,
286,كفوف,,
287,فانتوس,,
288,فانتوس اسود 175,,
289,فانتوس برونز 135,,
290,معجونى,,
291,كوتشوك,,
292,Metal Frames System,,
293,دوبل فتراج,,
294,دوبل فتراج بلور+ بلور,,
295,دوبل فتراج بلور+ اسود,,
296,دوبل فتراج 6ملم برش ابيض+ بلور,,
297,دوبل فتراج6ملم بلور+ مشرط اسود,,
298,دوبل فراج مشرط ابيض + بلور,,
299,دوبل فراج 6ملم بلور+8 ملم مغشى اسيد,,
300,دوبل فيتراج 6 ملم تربلكس+6ملم تربلكس,,
301,دوبل فراج 6ملم بلور+ 6 ملم ازرق فاتح,,
302,دوبل فتراج بلور+ برونز,,
303,رقم الكونتينر,,
