Account Number,Account name,Parent Account Number,Arabic Account Name
1,PERMANENT CAPITAL ACCOUNTS,,حسابات الرساميل الدائمة
10,CAPITAL,1,رأس المال
101,Capital (company or personal),10,رأس المال (للشركة او للشخص)
1011,Subscribed but uncalled capital,101,رأس المال المكتتب غير المستدعي
1012,"Subscribed, called but unpaid capital",101,رأس المال المكتتب، المستدعي غير المدفوع
1013,"Subscribed, called and paid up capital",101,رأس المال المكتتب، المستدعي و المدفوع
102,Premiums,10,علاوات الاصدار والاندماج والمقدمات
1021,Premium on issue of capital,102,علاوات الاصدار
1022,Premium on mergers,102,علاوات الاندماج
1023,Premium on subscription in kind,102,علاوات المقدمات
1024,Premium on conversion of debentures into shares,102,علاوات تحويل
103,Revaluation differences,10,فروقات اعادة التخمين
1031,Difference on revaluation of non depreciable fixed assets,103,فروقات اعادة تخمين الاصول الثابتة غير القابلة للاستهلاك
1032,Difference on revaluation of depreciable fixed assets,103,فروقات اعادة تخمين الاصول الثابتة القابلة للاستهلاك
11,RESERVES,1,الاحتياطات
111,Legal reserves,11,احتياطي قانوني
112,Statutory and contrctual reserves,11,احتياطات نظامية وتعاقدية
113,Other reserves,11,احتياطات اخرى
12,RESULTS BROUGHT FORWARD,1,نتائج سابقة مدورة
121,Profits brought forward,12,نتائج سابقة مدورة دائنة
125,Losses brought forward,12,نتائج سابقة مدورة مدينة
13,NET RESULT FOR THE YEAR (PROFIT OR LOSS),1,النتيجة الصافية للدورة المالية (ربح او خسارة)
131,Commercial margin (sales of goods - cost of sales),13,الهامش التجاري القائم
132,Added value (sales of production - cost of consumption),13,القيمة المضافة
133,Gross operating profit/loss,13,الفائض غير الصافي للاستثمار
134,Gross profit/loss before financial charges and income,13,نتيجة الاستثمار (خارج الاعباء والايرادات المالية)
135,Current results before tax,13,النتيجة الجارية قبل الضريبة
136,Non-operating results,13,النتيجة خارج الاستثمار
138,Results for the year - profits,13,نتيجة الدورة - ارباح
139,Results for the year - losses,13,نتيجة الدورة - خسائر
14,INVESTMENTS SUBSIDIES,1,اعانات للتوظيفات
141,Investments subsidies received,14,اعانات للتوظيفات مقبوضة
145,Investments subsidies translated to results,14,اعانات للتوظيفات محولة للنتائج
15,PROVISIONS FOR CONTINGENCIES AND CHARGES,1,مؤونات لمواجهة اخطار واعباء
151,Provisions for contingencies,15,مؤونات لمواجهة اخطار
1511,Provisions for disputes and other probable contingencies,151,مؤونات للمنازعات والاحتمالات المختلفة
1512,Provisions for guarantees granted to customers,151,مؤونات لقاء الضمانات المعطاة للزبائن
1513,Provisions for loss on exchange,151,مؤونات خسائر سعر الصرف
1514,Provisions for losses on term contracts,151,مؤونات خسائر على عقود لاجل
1515,Provisions for fines and penalties,151,مؤونات الغرامات والجزاءات
155,Provisions for charges,15,مؤونات لمواجهة اعباء
1551,Provisions for deferred charges,155,مؤونات الاعباء الواجب توزيعها على عدة دورات مالية
1552,Provisions for pension and related expenses,155,مؤونات لمواجهة معاشات التقاعد والموجبات المماثلة
1553,Provisions for taxation,155,مؤونات للضرائب
16,LONG AND MEDIUM TERMS LOANS,1,ديون مالية طويلة ومتوسطة الاجل
161,Loans against debenture bonds,16,قروض لقاء سندات دين
162,Loan from lending establishments,16,قروض من مؤسسات التسليف
168,Other loans and debts,16,قروض وديون مختلفة
1681,Bills payable for purchase of a trading company,168,اوراق دفع ناجمة عن شراء المؤسسات التجارية
1682,Deposits and guarantees,168,ودائع وكفالات
1683,Government advances,168,سلفات الدولة
1684,Cumulative life annuity income,168,دخل لمدى الحياة متراكم
1689,Other long and medium term debts,168,ديون اخرى طويلة ومتوسطة الاجل
18,ACCOUNTS WITH RELATED COMPANIES,1,حسابات ارتباط المؤسسات والفروع والشركات المشاركة
181,Individual accounts,18,حسابات ارتباط المؤسسات والفروع والشركات المشاركة (حساب لكل مؤسسة)
1811,Balance brought forward,181,رصيد مدور
1815,Movements of the financial year,181,حركات الدورة المالية
186,Charges to branches,18,الاموال والخدمات المتبادلة بين الفروع (اعباء)
187,Revenue from branches,18,الاموال والخدمات المتبادلة بين الفروع (ايرادات)
19,REVENUE AND EXPENSE AMALGAMATING ACCOUNTS,1,حسابات جميع الاعباء والايرادات
191,Commercial margin,19,تحديد الهامش التجاري القائم
192,Added value,19,تحديد القيمة المضافة
193,Gross operating profits/losses,19,تحديد الفائض غير الصافي للاستثمار/والايرادات المالية
194,Gross profit/loss before financial charges and income,19,تحديد نتيجة الاستثمار قبل الاعباء
195,Current results before tax,19,تحديد النتيجة الجارية قبل الضريبة
196,Non-operating results,19,تحديد النتيجة خارج الاستثمار
197,Results for the year,19,تحديد نتيجة الدورة المالية
2,FIXED ASSETS ACCOUNT,,حسابات الاصول الثابتة
21,INTANGIBLE FIXED ASSETS,2,الاصول الثابتة غير المادية
211,"Keymoney, Goodwill, Clientele, etc ...",21,المؤسسة التجارية (الخلو، الشهرة، الزبائن ...)
212,Constitution expenses,21,مصاريف التأسيس
213,Research and development cost,21,مصاريف البحوث والتطوير
214,"Patents, Licenses, Copy rights and similar items",21,براءات الاختراع-الاجازات-العلامات والقيمة المماثلة
219,Other intangible fixed assets,21,اصول ثابتة غير مادية
2198,Advances made on account of intangible fixed assets,219,سلفات ودفعات على حساب تقديم  اصول ثابتة غير مادية
22,TANGIBLE FIXED ASSETS,2,الاصول الثابتة المادية
221,Land,22,الاراضي
2211,Plain land,221,الاراضي الفراغ
2212,Land with construction,221,الاراضي المبنية
2213,Leasehold land for exploration (mines etc...),221,الاراضي برسم الاستثمار الجوفي (مناجم...)
2214,Land improvements,221,استصلاح وتنظيم الاراضي
223,Buildings,22,الابنية
2231,Buildings,223,الابنية
2232,General improvements on buildings,223,التجهيزات العامة-استصلاح وتنظيم الابنية
2233,"Building infrastructures (run-way, barrage )",223,انشاءات البنية التحتية (سدود،مدارج ...)
2234,Construction on third parties buildings,223,انشاءات على اراضي الغير
224,Technical installations and industrial machinery,22,التجهيزات الفنية ،والالات الصناعية
2241,Specialized installations,224,تجهيزات متخصصة
2242,Special purpose installations,224,تجهيزات ذات طبيعة خاصة
2243,Industrial equipment,224,المعدات الصناعية
2244,Industrial tools,224,الادوات الصناعية
225,Transport-vehicles,22,آليات النقل
226,Other tangible fixed assets,22,اصول ثابتة مادية اخرى
2261,General installation and other repairs and maintenance,226,تجهيزات عامة،استصلاحات وتحسينات مختلفة
2262,Stationery for office and computer,226,ادوات مكتبية ومعلوماتية
2263,Furniture,226,آثاث
2264,Agricultural investments,226,استثمارات زراعية
2265,Reusable wrapping material,226,عبوات قابلة لاعادة الاستعمال
227,Tangible fixed assets under construction,22,اصول ثابتة مادية قيد الصنع
2271,Land,227,اراضي
2273,Buildings,227,ابنية
2274,"Technical, installation & industrial tools and equipment",227,تجهيزات فنية،معدات وادوات صناعية
2276,Other tangible fixed assets,227,اصول ثابتة مادية اخرى
228,Advances on purchase of tangible fixed assets,22,سلفات ودفعات على حساب شراء اصول ثابتة مادية
25,FINANCIAL FIXED ASSETS,2,الاصول الثابتة المالية
251,Participation investments,25,سندات مشاركة
252,Accounts receivable on participations,25,ذمم مدينة مرتبطة بمشاركات
253,Other fixed investments,25,سندات اخرى مجمدة
2531,Investments (shares & parts),253,سندات ملكية (اسهم، حصص شراكة)
2535,Debentures (bonds & coupons),253,سندات دين (سندات، قسائم)
255,Long and medium terms loans,25,قروض طويلة ومتوسطة الاجل
2551,Loans to partners/shareholders,255,قروض للشركاء
2552,Loans to employees,255,قروض للمستخدمين
2558,Other loans,255,قروض اخرى
259,Other fixed accounts receivable,25,ذمم مدينة اخرى مجمدة
28,DEPRECIATION AND AMORTIZATION OF FIXED ASSETS,2,استهلاكات الاصول الثابتة
280,"Amortization of keymoney, goodwill etc..",28,استهلاك المؤسسة التجارية (الشهرة)
281,Amortization of other intangible fixed assets,28,استهلاكات الاصول الثابتة غير المادية الاخرى
2811,Constitution expenses,281,مصاريف التأسيس
2812,Research and development cost,281,مصاريف البحوث والتطوير
2813,"Patents, licenses, copy rights & other similar items",281,براءات الاختراع-الاجازات والقيم المماثلة
2819,Other intangible fixed assets,281,اصول ثابتة مادية اخرى
282,Depreciation of tangible fixed assets,28,استهلاكات الاصول الثابتة المادية
2821,Leasehold land for exploration (mines etc),282,اراضي برسم الاستثمار الجوفي (مناجم، مقالع ...)
2823,Buildings,282,الابنية
2824,Technical installations and industrial machinery,282,التجهيزات الفنية المعدات والادوات  الصناعية
2825,Transport - vehicles,282,آليات النقل
2826,Other tangible fixed assets,282,اصول ثابتة مادية اخرى
29,PROVISIONS FOR DIMINUTION IN VALUE OF FIXED ASSETS,2,مؤونات هبوط اسعار الاصول الثابتة
290,"Provision for diminution in value of keymoney, goodwill etc..",29,مؤونات هبوط قيمة المؤسسة التجارية
291,Provision for diminution in value of intangible fixed assets,29,مؤونات هبوط قيم الاصول الثابتة غير المادية
2911,Trade marks and similar items,291,علامات وقيم مماثلة
2919,Other intangible fixed assets,291,اصول ثابتة غير مادية اخرى
292,Provision for diminution in value of tangible fixed assets,29,مؤونات هبوط اسعار الاصول الثابتة المادية
2921,Land other than leasehold land,292,الاراضي (غير اراضي الاستثمار الجوفي)
2926,Other tangible fixed assets,292,اصول ثابتة مادية اخرى
295,Provision for diminution in value of financial fixed assets,29,مؤونات هبوط اسعار الاصول الثابتة المالية
2951,Participation investments,295,سندات المشاركة
2952,Accounts receivable on participations,295,ذمم مدينة مرتبطة بمشاركات
2953,Other fixed investments,295,سندات اخرى مجمدة
2955,Long and medium term loans,295,قروض ممنوحة طويلة ومتوسطة الاجل
2959,Other fixed accounts receivable,295,ذمم مدينة اخرى مجمدة
3,STOCKS AND WORK IN PROGRESS,,المخزون وقيد الصنع
31,RAW MATERIALS AND CONSUMABLES,3,مواد اولية واستهلاكية
311,Raw materials,31,مواد اولية
315,Consumables,31,مواد ولوازم استهلاكية اخرى
33,"IN PROGRESS (GOODS, WORK AND SERVICES)",3,قيد الصنع (سلع واشغال وخدمات)
331,Products in progress,33,منتجات قيد الصنع
332,work in progress,33,اشغال قيد التنفيذ
335,Research in progress,33,دراسات قيد الاعداد
336,services in progress,33,خدمات قيد التنفيذ
35,PRODUCTIONS,3,منتجات
351,Intermediary products (semi finished goods),35,منتجات وسيطة
355,Finished goods,35,منتجات تامة الصنع
358,Residuals,35,فضلات الانتاج
37,GOODS FOR RESALE,3,البضائع (المعدة للبيع)
371,........,37,........
372,........,37,........
39,PROVISION FOR DIMINUTION IN VALUE OF STOCKS AND WORK IN PROGRESS,3,مؤونات هبوط اسعار المخزون وقيد الصنع
391,Provision for diminution in value of raw materials and consumables,39,مؤونات هبوط اسعار مخزون المواد الاولية والاستهلاكية
393,Provision for diminution in value of work in progress,39,مؤونات هبوط اسعار الانتاج قيد الصنع
395,Provision for diminution in value of production in hand,39,مؤونات هبوط اسعار الانتاج المخزون 
397,Provision for diminution in value of goods in hand,39,مؤونات هبوط اسعار البضاعة المخزونة
4,ACCOUNTS PAYABLE AND RECEIVABLE,,حسابات الذمم
40,SUPPLIERS,4,الموردون
401,Bought ledger (suppliers of goods),40,ذمم دائنة (موردو الاستثمار)
4011,Billings,401,فواتير
4015,Bills payable,401,اوراق دفع
4018,Invoices in transit,401,فواتير لم تصل بعد
4019,Discounts received,401,حسومات مكتسبة
403,Suppliers of fixed assets,40,موردو الاصول الثابتة
4031,Billings,403,فواتير
4035,Bills payable,403,اوراق دفع
4038,Invoices in transit,403,فواتير لم تصل بعد
4039,Discounts received,403,حسومات مكتسبة
409,Advances to suppliers of goods,40,سلفات ودفعات على حساب طلبيات للاستثمار
41,CUSTOMERS,4,الزبائن
411,Sales ledger (debtors from sales),41,فواتير الزبائن
4111,Current debtors,411,زبائن عاديون
4115,Doubtful-debtors,411,زبائن مشكوك بتحصيل ديونهم
4119,Discount allowed,411,حسومات ممنوحة من المؤسسة
413,Bills receivable - customers,41,اوراق قبض - زبائن
415,unbilled accounts receivable,41,ذمم مدينة على اشغال لم تبلغ مرحلة تحرير فواتير بها
418,Invoice in progress,41,فواتير قيد الاعداد
419,Advances received on purchase order in progress,41,سلفات ومقبوضات على حساب طلبيات قيد التنفيذ
42,STAFF,4,المستخدمون
421,Amounts due to staff,42,مدفوعات متوجبة للمستخدمين
428,Amounts due from staff,42,حسابات المستخدمين المدينة
4281,Loans and advances to staff,428,سلفات ودفعات للمستخدمين
4282,Blocked staff accounts,428,حجوزات
43,SOCIAL SECURITY ESTABLISHMENTS,4,مؤسسات الضمان الاجتماعي
431,Amount due to social security establishments,43,ذمم دائنة تجاه مؤسسات الضمان الاجتماعي
4311,Contributions payable,431,تقديمات برسم الدفع
4315,Bills payable-social security establishments,431,اوراق الدفع-مؤسسات الضمان الاجتماعي
4318,Accruals - unpaid charges,431,اعباء يجب لحظها-مؤسسات الضمان الاجتماعي
438,Amounts due by social security establishments,43,ذمم مدينة على مؤسسات الضمان الاجتماعي
44,STATE AND PUBLIC ESTABLISHMENTS,4,الدولة والمؤسسات العامة
441,Operating taxes,44,ضرائب متوجبة على الاستثمار
4411,Taxes and fees dues,441,ضرائب ورسوم متوجبة
4415,Bills payable-taxes and fees,441,اوراق دفع - ضرائب ورسوم
4418,Accruals-taxes and fees,441,اعباء يجب لحظها - ضرائب ورسوم
443,Non-operating taxes,44,ضرائب متوجبة خارج الاستثمار
4431,Taxes on profit,443,الضرائب على الارباح
445,Other payables-state and public establishments,44,الدولة والمؤسسات العامة (ذمم دائنة اخرى)
449,Receivables from-state and public establishments,44,الدولة والمؤسسات العامة (ذمم مدينة)
4491,Subsides receivables,449,اعانات مستحقة غير مقبوضة
4497,Other receivables-state and public establishments,449,ذمم مدينة اخرى (الدولة والمؤسسات العامة)
4498,Income receivable,449,ايرادات مستحقة غير مقبوضة
45,PARTNERS,4,الشركاء
451,Partner's current accounts-receivable and payable,45,حسابات الشركاء الجارية المدينة او الدائنة
4511,Related companies,451,شركات شقيقة
45111,Holding companies,4511,الشركة الام
45112,Subsidiary companies,4511,الشركة التابعة
45113,Associated companies,4511,الشركة المشاركة
45114,Multigroup cimpanies,4511,الشركة الداخلة في عدة مجموعات
4515,Other partners,451,شركاء آخرون
4518,Joint Ventures,451,عمليات مشتركة
453,Dividends payable,45,انصبة ارباح برسم الدفع
455,Other amounts due to partners,45,ذمم دائنة اخرى للشركاء
4551,Partners' subscriptions,455,حسابات المقدمات للشركة
4552,Redeemable capital (capital to reimburse),455,رأس المال المقرر استرداده من الشركاء
4557,Other payables,455,ذمم دائنة اخرى
459,Amounts receivable from partners,45,ذمم الشركاء المدينة
4591,Subscribed but uncalled capital,459,رأس المال المكتتب غير المستدعي
4592,Subscribed called but unpaid capital,459,رأس المال المكتتب المستدعي وغير المدفوع
4597,Other receivables,459,ذمم مدينة اخرى
46,MISCELLANEOUS RECEIVABLES AND PAYABLES,4,ذمم مختلفة
461,Operating creditors,46,ذمم الاستثمار الدائنة الاخرى
4611,Creditors-package material and tool on consignment,461,ذمم دائنة متعلقة بالعبوات والمعدات الموضوعة بالامانة
4619,Sundry operating creditors,461,حسابات دائنة مختلفة - استثمار
463,Balances payable on financial fixed assets,46,اقساط برسم الدفع على اصول ثابتة مالية
4631,Unissued participations,463,سندات مشاركة غير محررة
465,Non-operating creditors,46,دائنون مختلفون خارج الاستثمار
4651,Amounts due on purchase of trading investments,465,ذمم دائنة على امتلاك سندات التوظيف
4652,Debentures,465,سندات الدين
4653,Balance payable in investment,465,اقساط برسم الدفع على
4659,Sundry non-operating creditors,465,دائنون مختلفون خارج الاستثمار
468,Operating debtors,46,مدينون مختلفون للاستثمار
4681,Debtors-packing material and tool on consignment,468,ذمم مدينة متعلقة بالعبوات والمعدات الواجب اعادتها
4689,Sundry operating debtors,468,حسابات اخرى مدينة مختلفة-للاستثمار
469,Non-operating debtors,46,مدينون مختلفون-خارج الاستثمار
4691,Amounts due from sale of fixed assets and investments securities,469,ذمم مدينة على بيع اصول ثابتة وسندات توظيف
4699,Sundry non-operating debtors,469,حسابات اخرى مدينة مختلفة-خارج الاستثمار
47,REGULARIZATION ACCOUNTS,4,حسابات التسوية
471,Deferred charges,47,الاعباء الواجب توزيعها على عدة دورات
4711,Pre-operating expenses,471,اعباء ما قبل الاستثمار
4712,Depreciable major repairs,471,التصليحات الكبيرة الواجب استهلاكها
4713,Premium paid on bonds,471,علاوات تسديد السندات
4719,Other deferred charges,471,اعباء اخرى واجب توزيعها على عدة دورات مالية
472,Prepaid charges,47,اعباء محتسبة مسبقا
473,Unearned revenue,47,ايرادات محتسبة مسبقا
475,Exchange difference-liabilities,47,فروقات صرف-خصوم
4751,Increase in debtors,475,الزيادة في الذمم المدينة
4752,Decrease in creditors,475,التدني في الذمم المدينة
4758,Differences compensated by exchange results,475,فروقات معوضة بفرق الصرف
476,Exchange difference - Assets,47,فروقات صرف-اصول
4761,Decrease in debtors,476,التدني في الذمم المدينة
4762,Increase in creditors,476,الزيادة في الذمم الدائنة
4768,Differences compensated by exchange results,476,فروقات معوضة بفرق الصرف
48,SUSPENSE ACCOUNTS,4,الحسابات المؤقتة وقيد التسوية
481,Prepaid charges (subscriptions),48,حسابات التوزيع الدوري للاعباء (اشتراكات)
482,Unearned income (subscriptions),48,حسابات التوزيع الدوري للايرادات (اشتراكات)
49,PROVISIONS FOR DIMINUTION IN VALUE OF ACCOUNTS RECEIVABLE & PAYABLE,4,مؤونات لمواجهة هبوط قيم حسابات الذمم
491,Provisions for diminution in value of customers accounts receivable,49,مؤونات هبوط قيم الذمم المدينة-الزبائن
495,Provisions for diminution in value of partners' accounts,49,مؤونات هبوط قيم حسابات الشركاء
496,Provisions for diminution in value of sundry accounts receivable,49,مؤونات هبوط قيم حسابات الذمم المدينة المختلفة
4968,Sundry operating debtors,496,مدينون مختلفون - للاستثمار
4969,Sundry non-operating debtors,496,مدينون مختلفون - خارج الاستثمار
5,MONETARY ACCOUNTS,,الحسابات المالية
50,INVESTMENT SECURITIES,5,سندات توظيف
501,Purchase of own issued shares,50,اسهم صادرة عن الشركة ومعاد شراؤها من قبلها
502,Propiertory shares,50,سندات تمنح حامليها حق الملكية
505,Debentures issued by the company,50,سندات دين وقسائم صادرة عن الشركة
506,Title deeds to right of recourse to debts,50,سندات تمنح حامليها حقوق الدائنين
51,FINANCIAL ESTABLISHMENTS,5,المؤسسات المالية
511,Checks and orders to receive,51,شكات وقسائم برسم القبض
512,Banks,51,بنوك
519,Financing institutions,51,مؤسسات التمويل
53,CASH,5,الصندوق
58,INTERNAL TRANSFER,5,التحويلات الداخلية
59,PROVISION FOR DIMINUTION IN VALUE OF INVESTMENTS,5,مؤونات هبوط اسعار سندات التوظيف
6,EXPENDITURE,,حسابات الاعباء
60,PURCHASE OF GOODS,6,مشتريات البضاعة وقيمة التغيير في المخزون
601,Purchase of goods,60,مشتريات البضاعة
6011,Goods,601,البضاعة
6012,Packing material,601,العبوات
6018,Ancillary expenses on purchase of goods and packing material,601,نفقات اضافية على شراء البضاعة والعبوات
60181,Transport,6018,نقليات
60182,Commission,6018,سمسرة وعمولات
60183,Transport insurance,6018,تأمين على شحن
60184,Clearing agents' fees,6018,اتعاب مخلصي البضاعة
60185,Custom duties,6018,رسوم جمركية
6019,Discount receivable,601,حسومات مكتسبة
605,Changes in goods on hand,60,قيمة التغيير في مخزون البضاعة
6051,Opening stock,605,مخزون اول المدة
6052,Closing stock,605,مخزون اخر المدة
61,PURCHASE OF RAW MATERIALS AND CONSUMABLES,6,مواد اولية واستهلاكية مستخدمة
611,Purchase of raw materials and consumables,61,مشتريات المواد الاولية والاستهلاكية
6111,Purchase of raw materials,611,شراء مواد اولية
61111,Raw materials "A",6111,مواد اولية أ
61112,Raw materials "B",6111,مواد اولية ب
6112,Consumables,611,مواد ولوازم استهلاكية
61121,Fuel,6112,محروقات
61122,Maintenance materials,6112,مواد الصيانة
61123,Factory tools,6112,لوازم للمشغل والمصنع
61124,Warehouse consumables,6112,لوازم للمخزون
61125,Stationery and office supplies,611,لوازم مكتبية
6113,Purchase of packing material,611,شراء عبوات
61131,Non-returnable packing material,6113,عبوات لا تسترد
61132,Returnable and usable packing material,6113,عبوات تسترد ويعاد استعمالها
61133,Packing material for sundry use,6113,عبوات تستعمل على اوجه مختلفة
6118,Ancillary exp. on purchase of raw materials and consumables,611,مصاريف اضافية على شراء مواد اولية واستهلاكية
61181,Transport,6118,نقليات
61182,Commission,6118,سمسرة وعمولات
61183,Transport insurance,6118,تأمين على شحن
61184,Clearing agents' fees,6118,اتعاب مخلصي البضاعة
61185,Custom duties,6118,رسوم جمركية
6119,Discounts receivable,611,حسومات مكتسبة (بالتفصيل)
615,Change in raw materials and consumables,61,قيمة التغيير في مخزون المواد الاولية والاستهلاكية
6151,Opening stock,615,مخزون اول المدة
6152,Closing stock,615,مخزون اخر المدة
62,OTHER EXTERNAL EXPENSES,6,اعباء خارجية اخرى
621,Purchase from sub-contractors,62,مشتريات من ملتزمين ثانويين
6211,Sub-contract "A",621,ملتزم ثانوي أ
6212,Sub-contract "B",621,ملتزم ثانوي ب
6219,Discount receivable,621,حسومات مكتسبة على مشتريات من ملتزمين ثانويين
625,Hire purchase etc..,62,الاتاوى
6251,Nominal rent-movable properties,625,ايجار-قرض اموال منقولة
6252,Nominal rent-immovable properties,625,ايجار-قرض اموال غير منقولة
6253,Copy rights,625,حقوق الامتياز
6254,Brevets,625,براءات
6255,License,625,ايجازات
6256,Trade mark,625,علامات
6257,Characters rights,625,اساليب
6258,Other similar rights,625,حقوق وقيم مماثلة
626,External services,62,الخدمات الخارجية
6261,Transport and communication,626,نقليات واتصالات
62611,Property transport,6261,نفقات نقل للموجودات
62612,Personnel collective transport,6261,نفقات النقل المشترك للمستخدمين
62615,Postage and telecommunications,6261,نفقات البريد والاتصالات السلكية واللاسلكية
6262,Repairs and maintenance,626,الصيانة والتصليحات
6263,Rent (buildings),626,الايجارات (خدمات الابنية)
62631,Rent,6263,الايجارات
62632,Other rental charges,6263,اعباء تأجيرية اخرى
6264,Hotel and restaurant expenses,626,خدمات الفنادق والمطاعم
62641,"Receptions, invitations",6264,تشريفات
62642,Transport,6264,نقل وانتقال
62643,Personnel catering,6264,اطعام المستخدمين
6265,Personnel services,626,خدمات المستخدمين
62651,Casual labourers,6265,المستخدمون المؤقتون
62652,Intermediary remunerations,6265,اجور الوسطاء
62653,Fees,6265,بدلات اتعاب
6266,Training and education,626,خدمات تعليمية
62661,"Preparation, planning expenses",6266,الاعداد والتدريب
62662,Documentation expenses,6266,التوثيق
6267,Studies and research,626,الدراسات والبحوث
6268,Insurance premiums,626,اقساط التأمين
6269,Other external services,626,خدمات خارجية اخرى
63,PERSONNEL EXPENDITURE,6,اعباء المستخدمين
631,Personnel salaries and wages,63,رواتب واجور المستخدمين
6311,Salaries,631,الرواتب
6312,Wages,631,الاجور 
6314,Fixed commission,631,العمولات الثابتة
6316,Major shareholders' remunerations,631,البدلات المدفوعة للمديرين الذين يتمتعون باغلبية في ملكية المؤسسة
6317,Board of directors' remunerations,631,البدلات المدفوعة لاعضاء مجلس الادارة
635,Social security charges,63,اعباء اجتماعية (ضمان اجتماعي)
64,"TAXES, FEES AND OTHER SIMILAR CHARGES",6,ضرائب ورسوم ومدفوعات مماثلة
641,"On salaries, wages and fees",64,على الرواتب والاجور وبدلات الاتعاب
642,Municipality taxes,64,ضرائب ورسوم للبلديات
643,Taxes on non-returnable sales,64,ضرائب على المبيعات غير قابلة للاسترداد
644,Registration fees,64,رسوم التسجيل
645,Others,64,ضرائب ورسوم ومدفوعات مماثلة اخرى
65,"OPERATING DEPRECIATo, AMORTISATo AND PROVISo",6,مخصصات الاستهلاكات والمؤونات للاستثمار
651,Depreciation and amortization,65,مخصصات الاستهلاكات
6511,Intangible fixed assets,651,اصول ثابتة غير مادية
6512,Tangible fixed assets,651,اصول ثابتة مادية
6515,Deferred charges,651,اعباء للتوزيع على عدة دورات
655,Provisions,65,مخصصات المؤونات غير المادية
6551,Provision for diminution in value of intangible fixed assets,655,مؤونات هبوط اسعار الاصول الثابتة
6552,Provision for diminution in value of tangible fixed assets,655,  الاصول الثابتة المادية
6553,Provision for diminution in value of stock & work-in-progress,655,مؤونات هبوط اسعار المخزون وقيد الصنع
6554,Provision for diminution in value of accounts receivable,655,مؤونات هبوط قيم الذمم المدينة
6555,Provision for operating contingencies and charges,655,مؤونات لمواجهة المخاطر والاعباء العائدة للاستثمار
66,OTHER ORDINARY ADMINISTRATIVE CHARGES,6,اعباء ادارية عادية اخرى
661,Other administrative expenses,66,اعباء ادارية اخرى
6611,Attendance fees,661,بدلات الحضور
6612,Operating bad debts,661,خسارة على ذمم الاستثمار المدينة التي ثبت هلاكها
665,Shares of loss joint venture,66,حصة المؤسسة من الخسائر على عمليات مشتركة
67,FINANCIAL CHARGES,6,الاعباء المالية
673,Interest and similar charges,67,فوائد واعباء مشابهة
6731,Interest on accounts payable and loans,673,فوائد على الذمم الدائنة والقروض
6732,Interest on current accounts and deposits payable,673,فوائد على الحسابات الجارية والودائع الدائنة
6733,Interest on guarantees,673,فوائد السندات المربوطة بكفالات
6734,Interest on other creditors,673,فوائد الذمم الدائنة الاخرى
6735,Discount allowable,673,الخصم الممنوح من المؤسسة
6736,Bank interest and interest of financing operations,673,فوائد مصرفية وفوائد على عمليات التمويل
675,Loss on exchange,67,فروقات صرف سلبية
6751,On ordinary business,675,فروقات على عمليات عادية
6752,On capital operations,675,فروقات على عمليات رأسمالية
676,Net loss on disposal of investment securities,67,اعباء صافية على عمليات التفرغ عن سندات التوظيف
679,Amortization and provisions,67,مخصصات الاستهلاكات والمؤونات المالية
6791,Amortization of share premiums,679,استهلاك علاوات التسديد
6792,Provision for diminution in value of financial fixed assets,679,مؤونات هبوط اسعار الاصول الثابتة المالية
6794,Provision for diminution in value of investments,679,اسعار سندات التوظيف
6795,Provision for contingencies and financial charges,679,مؤونات لمواجهة المخاطر والاعباء المالية
68,NON-OPERATING CHARGES,6,اعباء خارج الاستثمار
681,Net book amount of fixed assets disposed of,68,القيمة الدفترية للاصول الثابتة المتفرغ عنها
6811,Intangible fixed assets,681,اصول ثابتة غير مادية
6812,Tangible fixed assets,681,اصول ثابتة مادية
6815,financial fixed assets,681,اصول ثابتة مالية
685,Other non-operating charges,68,اعباء اخرى خارج الاستثمار
6851,Administrative expenses ...,685,اعباء على عمليات ادارة المؤسسة
68511,Donations,6851,هبات
68512,Aids,6851,اعانات ممنوحة
68513,Penal and tax penalties,6851,غرامات ضرائبية وجزائية
68514,Contractual penalties,6851,غرامات على صفقات
68515,Irrecoverable debts (bad debts),6851,ذمم مدينة اصبحت هالكة
68516,Other,6851,عمليات ادارية اخرى
6855,Expenditure on capital operations,685,اعباء على عمليات رأسمالية
68551,Charges resulting from index clause,6855,اعباء ناتحة عن موجب تطبيق مؤشر اسعار
68552,Prize settlement,6855,جوائز تسديد
68553,Charges on share and bonds redemption,6855,اعباء ناتجة عن استرداد المؤسسة لاسهم وسندات صادرة عنها
689,"Non-operating depreciation, amortization and provision",68,مخصصات الاستهلاك والمؤونات خارج الاستثمار
6891,Exceptional depreciation of fixed assets,689,استهلاك استثنائي على اصول ثابتة
6892,Exceptional provision for diminution in value,689,مؤونات هبوط اسعار استثنائي
6895,Provision for contingencies and charges,689,مؤونات لمواجهة مخاطر واعباء خارج الاستثمار
69,TAXES ON PROFIT,6,الضرائب على الارباح
7,REVENUE ACCOUNTS,,حسابات الايرادات
70,SALES OF GOODS,7,مبيعات البضاعة
701,Billings,70,فواتير
709,Discounts allowed,70,حسومات ممنوحة
71,SALES OF PRODUCTS,7,المنتجات المباعة
711,Billings,71,مبيعات
7111,Sales of goods produced,711,مبيعات المنتجات التامة الصنع
7112,Sales of intermediary goods,711,مبيعات المنتجات الوسيطة
7113,Sales of factory residuals,711,مبيعات فضلات الانتاج
712,Work,71,اشغال 
713,Services,71,خدمات
717,Revenue of ancillary activities,71,ايرادات النشاطات الفرعية
719,Discounts allowed,71,حسومات ممنوحة
7191,Sales of productions,719,على بيع المنتجات
7192,Sales of work,719,على بيع الاشغال
7193,Sales of services,719,على بيع الخدمات
7197,Sales of ancillary activities,719,على بيع نشاطات فرعية
72,PRODUCTION ON HAND,7,الانتاج المخزون (قيمة التغيير)
721,Goods and work on progress,72,قيد الصنع (اموال)
7211,Production in progress,721,منتجات قيد الصنع
7212,Work in progress,721,اشغال قيد الصنع
722,Services in progress,72,قيد الصنع (خدمات)
7225,Studies in progress,722,دراسات قيد الاعداد
7226,Services in progress,722,خدمات فيد التنفيذ
725,Goods produced,72,منتجات
7251,Intermediary products,725,منتجات وسيطة
7255,Finished goods produced,725,منتجات تامة الصنع
7258,Factory residuals,725,فضلات الانتاج
73,PRODUCTION OF FIXED ASSETS,7,منتجات لها طابع الاصول الثابتة
731,Intangible fixed assets,73,اصول ثابتة غير مادية
732,Tangible fixed assets,73,اصول ثابتة مادية
74,OPERATING AIDS,7,اعانات للاستثمار
741,For goods,74,للبضائع
742,For production,74,للانتاج
75,RELEASE OF OPERATING PROVISION,7,استردادات من المؤونات - للاستثمار
752,Release of provision for diminution in value of fixed assets,75,استردادات من مؤونات هبوط اسعار الاصول الثابتة
753,Release of provision for diminution in value of current assets,75,استردادات من مؤونات هبوط اسعار الاصول المتداولة
76,OTHER OPERATING INCOME,7,ايرادات اخرى ناتجة عن الاستثمار
761,Other ordinary operating income,76,ايرادات عادية اخرى
7611,Royalties etc...,761,اتاوى،امتياز،براءات،اجازة،العلامات والاساليب والحقوق والقيم...
7612,Rental income from non-operating estates,761,ايرادات الابنية غير المخصصة
7613,Presence fees and directors and managers' fees,761,بدلات حضور وتعويضات اعضاء..
7619,Reallocation of operating charges,761,اعباء استثمار محولة الى حسابات اخرى
765,Share of profits on joint venture,76,حصص ارباح العمليات المشتركة
7651,Share of expenses,765,حصص الاعباء الصافية التي جرى تحويلها (ادارة العملية)
7655,Share of net revenue,765,حصص الايرادات الصافية المقررة (محاسبة المؤسسة التي لم تتولى ادارة العملية المشتركة)
77,FINANCE INCOME,7,الايرادات المالية
771,Revenue from participation investments,77,ايرادات سندات المشاركة
7711,Revenue from participation investments,771,عائدات سندات المشاركة
7716,Revenue from other participations,771,عائدات المشاركات الاخرى
7717,Revenue from participation accounts receivable,771,عائدات الذمم المدينة المرتبطة بمشاركات
772,Revenue from other investments,77,ايرادات القيم المنقولة الاخرى
7721,Revenue from investment securities,772,عائدات سندات التوظيف
7723,Revenue from fixed securities,772,عائدات السندات المجمدة
7725,Revenue from fixed accounts receivable,772,عائدات الذمم المدينة المجمدة
7726,Revenue from trading accounts receivable,772,عائدات الذمم المدينة التجارية
7727,Revenue from sundry accounts receivable,772,عائدات الذمم المدينة المختلفة
773,Interest and similar income,77,فوائد وايرادات مشابهة
7731,Revenue from loans granted,773,عائدات القروض الممنوحة
7733,Discounts received,773,الخصم الممنوح للمؤسسة
775,Profit on exchange,77,فروقات صرف ايجابية
7751,On current accounts,775,على عمليات جارية
7755,On capital transactions,775,على عمليات رأسمالية
778,Other financial revenue,77,ايرادات مالية اخرى
7781,Net income on sale of investment securities,778,ايرادات صافية على بيع سندات توظيف
7789,Reallocation of financial charges,778,اعباء مالية محولة الى حسابات اخرى
779,Release of financial provisions,77,استردادات من المؤونات المالية
7793,Release of provision for diminution in value,779,استردادات من مؤونات هبوط اسعار
7795,Release of provision for contingencies and charges,779,استردادت من مؤونات المخاطر والاعباء
78,NON-OPERATING INCOME,7,ايرادات خارج الاستثمار
781,Income from disposal of fixed assets,78,ايرادات التفرغ عن اصول ثابتة
7811,Intangible fixed assets,781,اصول ثابتة غير مادية
7812,Tangible fixed assets,781,اصول ثابتة مادية
7815,Financial fixed assets,781,اصول ثابتة مالية
782,Investment aids transferred to current operations,78,اعانات للتوظيفات محولة الى نتيجة الدورة
788,Other non-operating income,78,ايرادات اخرى خارج الاستثمار
7881,Exceptional income on normal transactions,788,ايرادات استثنائية على عمليات عادية
7888,Other income on exceptional transactions of capital nature,788,ايرادات استثنائية على عمليات رأسمالية
7889,Re-allocation of exceptional charges,788,اعباء استثنائية محولة الى حسابات اخرى
789,Release of non-operating provisions,78,استردادات من مؤونات خارج الاستثمار
7891,Release of provision for diminution in value,789,استردادات من مؤونات هبوط الاسعار
7895,Release of provision for contingencies and charges,789,استردادات من مؤونات المخاطر والاعباء
8,SPECIAL ACCOUNTS,,الحسابات الخاصة
9,ANALYTICAL ACCOUNTS (COST ACCOUNTING),,الحسابات التحليلية
90,CONTROL ACCOUNT,9,حسابات المراقبة
903,Inventory,90,مراقبة المخزون
904,Purchases,90,مراقبة المشتريات
905,Burden,90,مراقبة الاعباء
906,Depreciation and provisions,90,مراقبة الاستهلاكات والمؤونات
907,Operating revenue,90,مراقبة ايرادات الاستثمار
908,Results,90,مراقبة النتائج
91,PREDETERMINED ACCOUNTS - OPERATING CHARGES,9,اعادة التصنيف المسبق للاعباء والايرادات الداخلة في الاستثمار
910,Variable trading charges,91,اعباء تجارية متغيرة
911,Variable production charges,91,اعباء الانتاج المتغيرة
912,Non reallocated charges,91,اعباء غير موزعة
913,     ,91,…………
914,     ,91,…………
915,     ,91,…………
916,     ,91,…………
917,     ,91,…………
918,     ,91,…………
919,Operating revenue,91,ايرادات الاستثمار المعاد تصنيفها
92,COST CENTERS,9,مراكز التكلفة (مراكز العمل والاقسام)
920,Administration,92,مراكز الادارة
921,Finance,92,مراكز التمويل
922,Personnel,92,مراكز ادارة المستخدمين
923,Materials,92,مراكز ادارة الوسائل المادية
924,Joint services,92,مراكز تقديم الخدمات المشتركة
925,Other materials and consumables,92,مراكز التموين
926,Technical and research studies,92,مراكز الدراسات الفنية والبحوث
927,Production,92,مراكز الانتاج
928,Distribution,92,مراكز التوزيع
929,Other expenses to be reallocated,92,نفقات اخرى برسم التحميل
93,COST OF PRODUCTION ON HAND,9,تكلفة الانتاج المخزون
930,Investment in progress,93,اموال قيد الصنع
931,Services in progress,93,خدمات قيد الصنع
932,Goods produced,93,منتجات تامة الصنع
933,Work,93,اشغال
934,Services,93,تقديم خدمات
94,INVENTORY,9,المخزون
940,Goods,94,بضائع
941,Raw materials,94,مواد اولية
942,Other materials and consumables,94,مواد تموينية اخرى (مواد ولوازم استهلاكية، عبوات تجارية)
943,Investment in progress,94,اموال قيد الصنع
944,Services in progress,94,خدمات قيد الصنع
945,Production (Semi-finished and finished),94,منتجات (منتجات وسيطة تامة الصنع)
946,   ,94,……..
947,   ,94,……..
948,  ,94,…..
949,Provision for diminution in value of goods and work in progress,94,مؤونات هبوط اسعار المخزون وقيد الصنع
95,COST OF GOODS SOLD,9,تكلفة الانتاج المباع
951,Finished products,95,منتجات تامة الصنع
952,Work,95,اشغال
953,Services,95,تقديم خدمات
954,   ,95,………
955,   ,95,………
956,   ,95,………
957,   ,95,………
958,   ,95,………
959,   ,95,………
96,VARIANCES ON PREDETERMINED COST,9,الانحرافات عن التكلفة المعيارية
97,UNDER OR OVER ABSORBED ACCOUNTS,9,فروقات التطبيق المحاسبي
970,Reallocation differences-Materials,97,فروقات التحميل على المواد
971,Reallocation differences-Deprecations and provision,97,فروقات التحميل على استهلاكات ومؤونات
973,Reallocation differences-Other burden,97,فروقات التحميل على اعباء اخرى
977,Reallocation differences-Revenue,97,فروقات التحميل على اقساط الاعباء
974,Reallocation differences-Physical inventory,97,فروقات الجرد الظاهرة
975,Reallocation differences-Internal reallocation (rate variance),97,فروقات على معدلات المبادلات الداخلية
976,Reallocation differences-Activity (volume variance),97,فروقات على مستوى التشغيل
98,COST ACCOUNTING OPERATING RESULTS,9,نتائج المحاسبة التحليلية للاستثمار
99,INTERNAL LIAISON ACCOUNTS,9,حسابات الارتباط الداخلية
991,Within the same organization,99,حسابات الارتباط الداخلية الخاصة بفرع واحد
996,From other organization,99,تقديمات مستلمة من فروع اخرى
997,To other organization,99,مقدمات مقدمة الى فروع اخرى
,,,
