id,Account Number,Account name,Parent Account Number,Arabic Account Name
1,1,,,الفئة الاولى - الرساميل الدائمة
2,10,,1,رأس  المال
3,101,,10,راس المال (للشركة او للشخص )
4,1011,,101,راس المال المكتتب غير المستدعى
5,1012,,101,راس المال المكتتب المستدعى وغير المدفوع
6,1013,,101,راس المال المكتتب المستدعى و المدفوع
7,102,,10,علاوات الاصدار والاندماج والمقدمات
8,1021,,102,علاوات الاصدار
9,1022,,102,علاوات الاندماج
10,1023,,102,علاوات المقدمات
11,1024,,102,علاوات تحويل السندات الى اسهم
12,103,,10,فروقات اعادة التخمين
13,1031,,103,فروقات اعادة ت ا ث غير القابلةللاستهلاك
14,1035,,103,فروقات اعادة ت ا  ث  القابلة للاستهلاك
15,109,,10,الحساب الشخصي لصاحب المؤسسة
16,11,,1,الاحتياطيات
17,111,,11,احتياطي قانوني
18,112,,11,احتياطيات نظامية و تعاقدية
19,119,,11,احتياطيات اخرى
20,12,,1,نتائج سابقة مدورة
21,121,,12,نتائج سابقة مدورة دائنة
22,125,,12,نتائج سابقة مدورة مدينة
23,13,,1,النتيجة الصافية للدورة المالية ر. أو  خ.
24,131,,13,الهامش التجارى القائم
25,132,,13,القيمة المضافة
26,133,,13,الفائض غير الصافي للاستثمار
27,134,,13,نتيجةالاستثمار خارج اعباء وايرادات مالية
28,135,,13,النتيجة الجارية قبل الضريبة
29,136,,13,النتيجة خارج الاستثمار
30,137,,13,Income Summary
31,138,,13,نتيجة الدورة - ارباح
32,139,,13,نتيجة الدورة - خسائر
33,14,,1,اعانات للتوظيفات
34,141,,14,اعانات للتوظيفات مقبوضة
35,145,,14,اعانات للتوظيفات  محولة للنتائج
36,15,,1,مؤونات لمواجهة اخطار واعباء
37,151,,15,مؤونات لمواجهة اخطار
38,1511,,151,مؤونات للمنازعات والاحتمالات المختلفة
39,1512,,151,مؤونات لقاء الضمانات المعطاة للزبائن
40,1513,,151,مؤونات خسائر سعر الصرف
41,1514,,151,مؤونات خسائر على  عقود لأجل
42,1515,,151,مؤونات الغرامات و الجزاءات
43,155,,15,مؤونات لمواجهة أعباء
44,1551,,155,مؤ.أعباء واجب توزيعهاعلى عدةدورات مالية
45,1552,,155,مؤ.لمواجهة معاشات التقاعد وموجبات مماثلة
46,1553,,155,مؤونات للضرائب
47,16,,1,ديون مالية طويلة ومتوسطة الأجل
48,161,,16,قروض لقاء سندات دين
49,162,,16,قروض  من مؤسسات التسليف
50,168,,16,قروض  و ديون مختلفة
51,1681,,168,أوراق دفع ناجمة عن شراء المؤسسة التجارية
52,1682,,168,ودائع و كفالات
53,1683,,168,سلفات الدولة
54,1684,,168,دخل لمدى الحياة متراكم
55,1689,,168,ديون أخرى طويلة ومتوسطة الأجل
56,18,,1,ح.ارتباط مؤسسات وفروع وشركات المشاركة
57,181,,18,ح.ارتباط م.ف.ش .المشاركة(ح.لكل مؤسسة)
58,1811,,181,رصيد مدور
59,1815,,181,حركات الدورة المالية
60,186,,18,أموال وخدمات متبادلة بين الفروع ( أعباء)
61,187,,18,أموال وخدمات متبادلة بين الفروع(ايرادات)
62,19,,1,حسابات تجميع الأعباء و الأيرادات
63,191,,19,تحديد الهامش  التجارى القائم
64,192,,19,تحديد القيمة المضافة
65,193,,19,تحديد الفائض  غير الصافي للأستثمار
66,194,,19,تحديد نتيجة الاستثمارقبل ا. و ا. مالية
67,195,,19,تحديد النتيجة الجارية قبل الضريبة
68,196,,19,تحديد النتيجة خارج الاستثمار
69,197,,19,تحديد نتيجة الدورة المالية
70,2,,,الفئة الثانية -  الأصول الثابتة
71,21,,2,الأصول الثابتة غير المادية
72,211,,21,المؤسسة التجارية ( خلو  شهرة زبائن )
73,212,,21,مصاريف التأسيس
74,213,,21,مصاريف البحوث و التطوير
75,214,,21,"براءات اختراع ,اجازات,علامات وقيم مماثلة"
76,219,,21,اصول ثابتة غير مادية أخرى
78,2198,,219,س . و د. على ح/تقديم اصول ث. غير مادية
79,22,,2,الاصول الثابتة المادية
80,221,,22,الاراضي
81,2211,,221,الاراضي الفراغ
82,2212,,221,الاراضي المبنية
83,2213,,221,الاراضي برسم الاستثمارالجوفي مناجم مقالع
84,2214,,221,استصلاح وتنظيم الاراضي
85,223,,22,الأبنيـــــة
86,2231,,223,الأبنية
87,2232,,223,التجهيزات العامة استصلاح وتنظيم ابنية
88,2233,,223,انشاءات البنية التحتية سدود مدارج مطارات
89,2234,,223,انشاءات على اراضي الغير
90,224,,22,التجهيزات الفنية والآلات الصناعية
91,2241,,224,تجهيزات متخصصة
92,2242,,224,تجهيزات ذات طبيعة خاصة
93,2243,,224,المعدات الصناعية
94,2244,,224,الأدوات الصناعية
95,225,,22,آليات النقل
96,226,,22,اصول ثابتة مادية أخرى
97,2261,,226,تجهيزات عامة استصلاحات وتحسينات مختلفة
98,2262,,226,ادوات مكتبية و معلوماتية
99,2263,,226,أثاث
100,2264,,226,استثمارات زراعية
101,2265,,226,عبوات قابلة لأعادة الأستعمال
102,227,,22,أصول ثابتة مادية قيد الصنع
103,2271,,227,أراضي
104,2273,,227,أبنية
105,2274,,227,تجهيزات فنية معدات وادوات صناعية
106,2276,,227,اصول ثابتة مادية أخرى
107,228,,22,سلفات ودفعات على ح/شراء اصول ثابتة مادية
108,25,,2,الاصول الثابتة المالية
109,251,,25,سندات المشاركة
110,252,,25,ذمم مدينة مرتبطة  بمشاركات
111,253,,25,سندات اخرى مجمدة
112,2531,,253,"سندات ملكية (اسهم , حصص  شراكة )"
113,2535,,253,"سندات دين  ( سندات , قسائم )"
114,255,,25,قروض  طويلة و متوسطة الاجل
115,2551,,255,قروض  للشركاء
116,2552,,255,قروض  للمستخدمين
117,2558,,255,قروض  اخرى
118,259,,25,ذمم مدينة اخرى مجمدة
119,28,,2,استهلاكات الاصول الثابتة
120,280,,28,استهلاكات المؤسسة التجارية ( الشهرة )
121,281,,28,استهلاكات اصول ثابتة غير المادية الاخرى
122,2811,,281,مصاريف التأسيس
123,2812,,281,مصاريف البحوث و التطوير
124,2813,,281,براءات الاختراع الاجازات والقيم المماثلة
125,2819,,281,اصول ثابتة غير مادية اخرى
126,282,,28,استهلاكات الاصول الثابتة المادية
127,2821,,282,اراضي برسم الاستثمار الجوفي مناجم مقالع
128,2823,,282,الابنية
129,2824,,282,التجهيزات الفنية  معدات و ادوات صناعية
130,2825,,282,آليات النقل
131,2826,,282,اصول ثابتة مادية اخرى
132,29,,2,مؤونات هبوط اسعار الاصول الثابتة
133,290,,29,مؤونات هبوط قيمة  ( المؤسسة التجارية )
134,291,,29,مؤونات هبوط قيم اصول ثابتة غير المادية
135,2911,,291,علامات و قيم مماثلة
136,2919,,291,اصول ثابتة غير مادية اخرى
137,292,,29,مؤونات هبوط اسعار الاصول الثابتة المادية
138,2921,,292,الاراضي(غير اراضي برسم الاستثمار الجوفي)
139,2926,,292,اصول ثابتة مادية  اخرى
140,295,,29,مؤونات هبوط اسعار الاصول الثابتة المالية
141,2951,,295,سندات المشاركة
142,2952,,295,ذمم مدينة مرتبطة بمشاركات
143,2953,,295,سندات اخرى مجمدة
144,2955,,295,قروض  ممنوحة طويلة ومتوسطة الأجل
145,2959,,295,ذمم مدينة اخرى مجمدة
146,3,,,الفئة الثالثة - المخزون و قيد الصنع
147,31,,3,مواد اولية او استهلاكية
148,311,,31,مواد اولية
149,315,,31,مواد ولوازم استهلاكية اخرى
150,33,,3,قيد الصنع ( سلع واشغال و خدمات )
151,331,,33,منتجات قيد الصنع
152,332,,33,اشغال قيد التنفيذ
153,335,,33,دراسات قيد الاعداد
154,336,,33,خدمات قيد التقديم
155,35,,3,منتجـــــات
156,351,,35,منتجات وسيطة
157,355,,35,منتجات تامة الصنع
158,358,,35,فضلات الانتاج
159,37,,3,البضائــع  ( المعدة للبيع )
162,39,,3,مؤونات هبوط اسعار المخزون و قيد الصنع
163,391,,39,مؤونات هبوط اسعار مخ.مواداوليةواستهلاكية
164,393,,39,مؤونات هبوط اسعار الانتاج قيد الصنع
165,395,,39,مؤونات هبوط اسعار الانتاج المخزون
166,397,,39,مؤونات هبوط اسعار البضاعة المخزونة
167,4,,,الفئة الرابعة -  حسابات  الذمم
168,40,,4,الموردون
169,401,,40,ذمم دائنة  ( موردو  الاستثمار )
170,4011,,401,فواتير
171,40111,,4011,suppliers
172,4015,,401,اوراق دفع
173,4018,,401,فواتير لم تصل بعد
174,4019,,401,حسومات  مكتسبة
175,403,,40,موردو الاصول الثابتة
176,4031,,403,فواتير
177,4035,,403,اوراق دفع
178,4038,,403,فواتير لم تصل بعد
179,4039,,403,حسومات مكتسبة
180,409,,40,سلفات ودفعات على ح/ طلبيات للأستثمار
181,41,,4,الزبائن
182,411,,41,فواتير الزبائن
183,4111,,411,زبائن عاديون
184,4115,,411,زبائن مشكوك بتحصيل ديونهم
185,4119,,411,حسومات ممنوحة من  المؤسسة
186,413,,41,اوراق قبض  - زبائن
187,415,,41,ذمم مدينة على اشغال غير منتهية
188,418,,41,فواتير قيد الاعداد
189,419,,41,سلفات ومقبوضات على ح/ طلبيات قيد التنفيذ
190,42,,4,المستخدمون
191,421,,42,مدفوعات متوجبة للمستخدمين
192,428,,42,حسابات المستخدمين المدينة
193,4281,,428,سلفات ودفعات للمستخدمين
194,4282,,428,حجوزات
195,43,,4,مؤسسات الضمان الاجتماعي
196,431,,43,ذمم دائنة تجاه مؤسسات الضمان الاجتماعي
197,4311,,431,تقديمات برسم الدفع
198,4315,,431,اوراق الدفع (مؤسسات الضمان الاجتماعي)
199,4318,,431,أعباء يجب لحظها(مؤسسات الضمان الاجتماعي)
200,438,,43,ذمم مدينة على مؤسسات الضمان الاجتماعي
201,44,,4,الدولة و المؤسسات العامة
202,441,,44,ضرائب متوجبة على  الاستثمار
203,4411,,441,ضرائب و رسوم متوجبة
204,4415,,441,اوراق دفع ( ضرائب و رسوم )
205,4418,,441,اعباء يجب لحظها ( ضرائب و رسوم )
206,442,,44,2
207,4421,,442,2
208,44211,,4421,ضريبةالقيمة المضافة - بيع خدمات
209,4422,,442,2
210,44222,,4422,ضريبة القيمة المضافة - شراء سلع
609,4425,,442,ضريبة القيمة المضافة  - تسوية
211,4426,,442,ضريبة القيمة المضافة  - مصاريف
212,44261,,4426,ضريبة القيمة المضافة  -شراء
213,44262,,4426,ضريبة القيمة المضافة  - مصاريف
214,4427,,442,ضريبة القيمة المضافة  - مبيع
215,443,,44,ضرائب متوجبة خارج الاستثمار
216,4431,,443,الضرائب على الارباح
217,4432,,443,ضريبة رواتب اوجور باب 2
218,445,,44,الدولة والمؤسسات العامة(ذمم دائنة اخرى)
219,449,,44,الدولة والمؤسسات العامة (ذمم مدينة)
220,4491,,449,اعانات مستحقة غير مقبوضة
221,4497,,449,ذمم مدينة اخرى (الدولةوالمؤسسات العامة)
222,4498,,449,ايرادات مستحقة غير مقبوضة
223,45,,4,الشركـــــــاء
224,451,,45,حسابات الشركاء الجارية المدينةاوالدائنة
225,4511,,451,شركات شقيقة
226,45111,,4511,الشركة الأم
227,45112,,4511,الشركات التابعة
228,45113,,4511,الشركات المشاركة
229,45114,,4511,الشركات الداخلة في عدة مجموعات
230,4515,,451,شركاء آخرون
231,4518,,451,عمليات مشتركة
232,453,,45,انصبة ارباح برسم الدفع
233,455,,45,ذمم دائنة اخرى للشركاء
234,4551,,455,حسابات المقدمات للشركة
235,4552,,455,راس المال المقرر استرداده من الشركاء
236,4557,,455,ذمم دائنة اخرى
237,459,,45,ذمم الشركاء المدينة
238,4591,,459,راس  المال المكتتب غير المستدعى
239,4592,,459,راس المال المكتتب المستدعى غير المدفوع
240,4597,,459,ذمم مدينة اخرى
241,46,,4,ذمم مختلفة
242,461,,46,ذمم الاستثمار الدائنة الاخرى
243,4611,,461,ذمم دائنة متعلقة بمعدات موضوعة بالأمانة
244,4619,,461,حسابات دائنة مختلفة ( استثمار )
245,463,,46,اقساط برسم الدفع  على اصول ثابتة مالية
246,4631,,463,سندات مشاركة غير محررة
247,4633,,463,سندات اخرى مجمدة غير محررة
248,465,,46,دائنون مختلفون خارج الاستثمار
249,4651,,465,ذمم دائنة على امتللاك سندات التوظيف
250,4652,,465,سندات الدين
251,4653,,465,اقساط برسم الدفع  على سندات توظيف
252,4659,,465,دائنون مختلفون  ( خارج الاستثمار )
253,468,,46,مدينون مختلفون للأستثمار
254,4681,,468,ذمم مدينة متعلقة بالمعدات الواجب اعادتها
255,4689,,468,حسابات اخرى مدينة مختلفة للأستثمار
256,469,,46,مدينون مختلفون  ( خارج الاستثمار )
257,4691,,469,ذمم مدينة على بيع اصول ثابتةوسندات توظيف
258,4699,,469,حسابات اخرى مدينة مختلفة خارج الاستثمار
259,47,,4,حسابات التسوية
260,471,,47,الاعباء الواجب توزيعها على عدة دورات
261,4711,,471,اعباء ما قبل الاستثمار
262,4712,,471,التصليحات الكبيرة الواجب استهلاكها
263,4713,,471,علاوات تسديد السندات
264,4719,,471,اعباء اخرى واجب توزيعها على عدة دورات
265,472,,47,اعباء محتسبة مسبقا
266,473,,47,ايرادات محتسبة مسبقا
267,475,,47,فروقات صرف  ( خصوم )
268,4751,,475,الزيادة في الذمم المدينة
269,4752,,475,التدني في الذمم الدائنة
270,4758,,475,فروقات معوضة بفرق الصرف
271,476,,47,فروقات صرف  ( اصول )
272,4761,,476,التدني في الذمم المدينة
273,4762,,476,الزيادة في الذمم الدائنة
274,4768,,476,فروقات معوضة بفرق الصرف
275,48,,4,الحسابات المؤقتة  وقيد التسوية
276,481,,48,حسابات التوزيع الدورى للأعباء
277,482,,48,حسابات التوزيع الدورى للأيرادات
279,49,,4,مؤونات لمواجهة هبوط قيم حسابات الذمم
280,491,,49,مؤونات هبوط قيم الذمم المدينة (الزبائن)
281,495,,49,مؤونات هبوط قيم حسابات  الشركاء
282,496,,49,مؤونات هبوط قيم حسابات ذمم مدينة مختلفة
283,4968,,496,مدينون مختلفون  ( للأستثمار )
284,4969,,496,مدينون مختلفون  ( خارج الأستثمار )
285,5,,,الفئة الخامسة - الحسابات  المالية
286,50,,5,سندات التوظيف
287,501,,50,اسهم صادرة عن الشركة ومعادشراؤهامن قبلها
288,502,,50,سندات تمنح حامليها حق الملكية
289,505,,50,سندات دين وقسائم صادرة عن الشركة
290,506,,50,سندات تمنح حامليها حقوق الدائنين
291,51,,5,المؤسسات المالية
292,511,,51,شكات وقسائم برسم  القبض
293,512,,51,بنـــوك
294,519,,51,مؤسسات التمويل
295,53,,5,الصنـــدوق
297,534,,53,الصندوق
298,58,,5,التحويلات الداخلية
299,59,,5,مؤونات هبوط اسعار سندات التوظيف
300,6,,,الفئة السادسة -  حسابات  الأعباء
301,60,,6,مشتريات البضاعة وقيمة التغيير في المخزون
302,601,,60,مشتريات البضاعة
303,6011,,601,البضاعة
304,60111,,6011,مشتريات بضاعة غير خاضعة
305,601112,,60111,مشتريات بضاعة غير خاضعة
306,60112,,6011,مشتريات بضاعة خاضعة
307,6012,,601,العبوات
601,6013,,601,مصاريف اعتمادات وتحاويل
308,6018,,601,نفقات اضافية على شراء البضائع والعبوات
309,60181,,6018,نقليات
310,60182,,6018,سمسرة و عمولات
311,60183,,6018,تأمين على الشحن
312,60184,,6018,اتعاب مخلصي البضاعة
313,60185,,6018,رسوم جمركية
314,6019,,601,حسومات مكتسبة
315,605,,60,قيمة التغيير  في  مخزون البضاعة
316,6051,,605,مخزون اول المدة
317,6052,,605,مخزون آخر المدة
318,61,,6,مواد اولية و استهلاكية مستخدمة
319,611,,61,مشتريات المواد الأولية و الأستهلاكية
320,6111,,611,شراء مواد اولية
321,61111,,6111,مواد اولية  أ
322,61112,,6111,مواد اولية  ب
323,6112,,611,شراء مواد ولوازم استهلاكية
324,61121,,6112,محروقات
325,61122,,6112,مواد الصيانة
326,61123,,6112,لوازم للمشغل و المصنع
327,61124,,6112,لوازم للمخزن
328,61125,,6112,لوازم مكتبية
329,6113,,611,شراء عبوات
330,61131,,6113,عبوات لا تسترد
331,61132,,6113,عبوات تسترد ويعاد استعمالها
332,61133,,6113,عبوات تستعمل على أوجه مختلفة
333,6118,,611,مصاريف اضافية على شراء م.اوليةواستهلاكية
334,61181,,6118,نقليات
335,61182,,6118,سمسرة وعمولات
336,61183,,6118,تأمين على الشحن
337,61184,,6118,اتعاب مخلصي البضاعة
338,61185,,6118,رسوم جمركية
339,6119,,611,حسومات مكتسبة (بالتفصيل)
340,615,,61,قيمة التغيير في مخزون م.اولية واستهلاكية
341,6151,,615,مخزون اول المدة
342,6152,,615,مخزون آخر المدة
343,62,,6,اعباء خارجية اخرى
344,621,,62,مشتريات من ملتزمين ثانويين
345,6211,,621,ملتزم ثانوى  أ
346,6212,,621,ملتزم ثانوى  ب
347,6219,,621,حسومات مكتسبةعلى مشتريات من ملتزمين ثانو
348,625,,62,الأتاوى
349,6251,,625,ايجار -  قرض  اموال منقولة
350,6252,,625,ايجار -  قرض اموال غير منقولة
351,6253,,625,حقوق الامتياز
352,6254,,625,براءات
353,6255,,625,اجازات
354,6256,,625,علامات
355,6257,,625,اساليب
356,6258,,625,حقوق وقيم مماثلة
357,626,,62,الخدمات الخارجية
358,6261,,626,نقليات واتصالات
359,62611,,6261,نفقات النقل للموجودات
360,62612,,6261,نفقات النقل المشترك للمستخدمين
361,62615,,6261,نفقات البريد والاتصالات السلكية ولاسلكية
362,62616,,6261,مصاريف كهرباء
363,62617,,6261,محروقات خاضعة للضريبة على القيمة المضافة
364,6262,,626,الصيانة و التصليحات
365,6263,,626,الايجارات  ( خدمات الابنية )
366,62631,,6263,الايجارات
367,62632,,6263,اعباء تأجيرية اخرى
368,62637,,6263,قرطاسية غير خاضعة
369,6264,,626,خدمات الفنادق و المطاعم
370,62641,,6264,تشريفات
371,62642,,6264,نقل وانتقال
372,62643,,6264,اطعام المستخدمين
373,62644,,6264,مصاريف مختلفة
374,62645,,6264,تشريفات خاضعة للضريبة على القيمة المضافة
375,62646,,6264,مصاريف بريد خاضعة للضريبة
376,62647,,6264,قرطاسية  خاضعة للضريبة
377,62648,,6264,مصاريف مختلفة خاضعة لضريبة الفات
378,62649,,6264,تنظيفات خاضعة لضريبة القيمة المضافة
379,6265,,626,خدمات المستخدمين
380,62651,,6265,المستخدمون المؤقتون
381,62652,,6265,اجور الوسطاء
382,62653,,6265,بدلات اتعاب
383,6266,,626,خدمات تعليمية
384,62661,,6266,الاعداد والتدريب
385,62662,,6266,التوثيق
386,6267,,626,الدراسات والبحوث
387,6268,,626,اقساط التأمين
388,6269,,626,خدمات خارجية اخرى
389,62691,,6269,خدمات صحية
390,62692,,6269,خدمات مالية.مصاريف علىسندات واوراق مالية
640,62697,,6269,مصاريف سفر
391,63,,6,اعباء المستخدمين
392,631,,63,رواتب واجور المستخدمين
393,6311,,631,الرواتب
394,6312,,631,الأجور
395,6316,,631,بدلات مدفوعةلمديرين لهم اغلبية بملكية مؤ
396,6317,,631,البدلات المدفوعة لاعضاء مجلس  الادارة
397,635,,63,اعباء اجتماعية ( ضمان اجتماعي )
398,64,,6,ضرائب و رسوم و مدفوعات مماثلة
399,641,,64,على الرواتب والاجور وبدلات الاتعاب
400,642,,64,ضرائب ورسوم للبلديات
401,643,,64,ضرائب على المبيعات غير قابلة للأسترداد
402,644,,64,رسوم تسجيل
403,645,,64,ضرائب و رسوم و مدفوعات  مماثلة اخرى
404,65,,6,مخصصات الأستهلاكات والمؤونات للأستثمار
405,651,,65,مخصصات الأستهلاكات
406,6511,,651,اصول ثابتة غير مادية
407,6512,,651,اصول ثابتة مادية
408,6515,,651,أعباء للتوزيع على عدة دورات
409,655,,65,مخصصات المؤونات
410,6551,,655,مؤونات هبوط اسعاراصول الثابتة غيرالمادية
411,6552,,655,مؤونات هبوط اسعار الاصول الثابتة المادية
412,6553,,655,مؤونات هبوط اسعار المخزون وقيد الصنع
413,6554,,655,مؤونات هبوط قيم الذمم المدينة
414,6555,,655,مؤونات لمواجهة مخاطرواعباءعائدةللأستثمار
415,66,,6,أعباء ادارية عادية اخرى
416,661,,66,اعباء ادارية اخرى
417,6611,,661,بدلات الحضور
418,6612,,661,خسارة على ذمم استثمار مدينة ثبت هلاكها
419,665,,66,حصة المؤسسة من الخسائر على عمليات مشتركة
420,67,,6,الاعباء المالية
421,673,,67,فوائد واعباء مشابهة
422,6731,,673,فوائد على الذمم الدائنة والقروض
423,6732,,673,فوائدعلىالحسابات الجاريةوالودائع الدائنة
424,6733,,673,فوائد السندات المربوطة بكفالات
425,6734,,673,فوائد الذمم الدائنة الاخرى
426,6735,,673,الخصم الممنوح من المؤسسة
427,6736,,673,فوائد مصرفية وفوائد على عمليات التمويل
428,675,,67,فروقات صرف سلبية
429,6751,,675,فروقات على عمليات عادية
430,6752,,675,فروقات على عمليات رأسمالية
431,676,,67,أعباءصافيةعلى عمليات تفرغ عن سندات توظيف
432,679,,67,مخصصات الاستهلاكات والمؤونات المالية
433,6791,,679,استهلاك علاوات التسديد
434,6792,,679,مؤونات هبوط اسعار الاصول الثابتة المالية
435,6794,,679,مؤونات هبوط اسعار سندات التوظيف
436,6795,,679,مؤونات لمواجهة المخاطر والاعباء المالية
437,68,,6,اعباء  خارج  الاستثمار
438,681,,68,القيمةالدفتريةللأصول الثابتةالمتفرغ عنها
439,6811,,681,اصول ثابتة غير مادية
440,6812,,681,اصول ثابتة مادية
441,6815,,681,اصول ثابتة مالية
442,685,,68,اعباء اخرى خارج الاستثمار
443,6851,,685,اعباء على عمليات  ادارة المؤسسة
444,68511,,6851,هبــات
445,68512,,6851,اعانات ممنوحة
446,68513,,6851,غرامات ضريبية وجزائية
447,68514,,6851,غرامات على صفقات
448,68515,,6851,ذمم مدينة اصبحت هالكة
449,68516,,6851,عمليات ادارية اخرى
450,6855,,685,اعباء على عمليات  رأسمالية
451,68551,,6855,اعباء ناتجة عن موجب تطبيق مؤشر اسعار
452,68552,,6855,جوائز تسديد
453,68553,,6855,اعباءناتجة عن استردادالمؤسسةلأسهم وسندات
454,689,,68,مخصصات استهلاكات و مؤونات خارج الاستثمار
455,6891,,689,استهلاك استثنائي على اصول ثابتة
456,6892,,689,مؤونات هبوط اسعار استثنائي
457,6895,,689,مؤونات لمواجهة مخاطرواعباءخارج الاستثمار
458,69,,6,الضرائب  على الاربـاح
459,7,,,الفئة السابعة - حسابات الايرادات
460,70,,7,مبيعات البضاعة
461,701,,70,فواتيــر
462,7011,,701,بيع خدمات
463,70111,,7011,بيع خدمات
464,701112,,70111,مبيعات غير خاضعة -
465,70112,,7011,بيع خدمات
466,701122,,70112,مبيعات خاضعة للضريبة على القيمة المضافة
467,709,,70,حسومات ممنوحة
468,71,,7,المنتجات المباعة
469,711,,71,مبيعات
470,7111,,711,مبيعات المنتجات التامة الصنع
471,7112,,711,مبيعات المنتجات الوسيطة
472,7113,,711,مبيعات فضلات الانتاج
473,712,,71,أشغـــال
474,713,,71,خدمــات
475,717,,71,ايرادات النشاطات الفرعية
476,719,,71,حسومات ممنوحة
477,7191,,719,على بيع المنتجات
478,7192,,719,على بيع الاشغال
479,7193,,719,على بيع الخدمات
480,7197,,719,على بيع نشاطات فرعية
481,72,,7,الانتاج المخزون ( قيمة التغيير )
482,721,,72,قيد الصنع  ( اموال  )
483,7211,,721,منتجات قيد الصنع
484,7212,,721,اشغال قيد التنفيذ
485,722,,72,قيد الصنع  ( خدمات )
486,7225,,722,دراسات قيد الاعداد
487,7226,,722,خدمات قيد التنفيذ
488,725,,72,منتجــات
489,7251,,725,منتجات وسيطة
490,7255,,725,منتجات تامة الصنع
491,7258,,725,فضلات الانتاج
492,73,,7,منتجات لها طابع الاصول الثابتة
493,731,,73,اصول ثابتة غير مادية
494,732,,73,اصول ثابتة مادية
495,74,,7,اعانات للأستثمار
496,741,,74,للبضائع
497,742,,74,للأنتاج
498,75,,7,استردادات من المؤونات - للأستثمار
499,752,,75,استردادات من مؤونات هبوط اسعاراصول ثابتة
500,753,,75,استرداد من مؤونات هبوط اسعاراصول متداولة
501,76,,7,ايرادات اخرى ناتجة عن الاستثمار
502,761,,76,ايرادات عادية اخرى
503,7611,,761,اتاوى:امتيازات براءات اجازات علامات الخ.
504,7612,,761,ايرادات الابنية غيرالمخصصة للنشاط المهني
505,7613,,761,"بدلات حضور وتعويضات أ.م.الادارة,المديرين"
506,7619,,761,اعباء استثمار محولة الى حسابات اخرى
507,765,,76,حصص  ارباح العمليات المشتركة
508,7651,,765,حصص  الاعباء الصافية التي جرى تحويلها(.)
509,7655,,765,حصص  الايرادات الصافية المقررة ( . )
510,77,,7,الايرادات  المالية
511,771,,77,ايرادات سندات المشاركة
512,7711,,771,عائدات سندات المشاركة
513,7716,,771,عائدات المشاركات  الاخرى
514,7717,,771,عائدات الذمم المدينة المرتبطة بمشاركات
515,772,,77,ايرادات القيم المنقولة الاخرى
516,7721,,772,عائدات سندات التوظيف
517,7723,,772,عائدات السندات المجمدة
518,7725,,772,عائدات الذمم المدينة المجمدة
519,7726,,772,عائدات الذمم المدينة التجارية
520,7727,,772,عائدات الذمم المدينة المختلفة
521,773,,77,فوائد وايرادات مشابهة
522,7731,,773,عائدات القروض  الممنوحة
523,7733,,773,الخصم الممنوح للمؤسسة
524,775,,77,فروقات صرف ايجابية
525,7751,,775,على عمليات جارية
526,7755,,775,على عمليات رأسمالية
527,778,,77,ايرادات مالية اخرى
528,7781,,778,ايرادات صافية على بيع سندات توظيف
529,7789,,778,اعباء مالية محولة الى حسابات اخرى
530,779,,77,استردادات من المؤونات المالية
531,7793,,779,استردادات من مؤونات هبوط الاسعار
532,7795,,779,استردادات من مؤونات المخاطر والأعباء
533,78,,7,ايرادات خارج الاستثمار
534,781,,78,ايرادات التفرغ عن اصول ثابتة
535,7811,,781,اصول ثابتة غير مادية
536,7812,,781,اصول ثابتة مادية
537,7815,,781,اصول ثابتة مالية
538,782,,78,اعانات للتوظيفات محولة الى نتيجة الدورة
539,788,,78,ايرادات  اخرى خارج الاستثمار
540,7881,,788,ايرادات استثنائية على عمليات عادية
541,7888,,788,ايرادات اخرىعلى عمليات رأسماليةاستثنائية
542,7889,,788,اعباء استثنائية محولة الى حسابات اخرى
543,789,,78,استردادات من مؤونات خارج الاستثمار
544,7891,,789,استردادات من مؤونات هبوط الاسعار
545,7895,,789,استردادات من مؤونات المخاطر و الأعباء
